target,candidate,horizon,window,model,origin,target_date,actual,prediction,error,actual_direction,predicted_direction,train_n,ridge_alpha
headline_12m_pct,four_country_ridge,1,expanding_ar2_ridge_tscv,m0_ar,2024-05-01,2024-06-01,-7.583958471791419,-3.38223630038482,-4.201722171406599,-1.0,1.0,60,
headline_12m_pct,four_country_ridge,1,expanding_ar2_ridge_tscv,m3_ridge_all,2024-05-01,2024-06-01,-7.583958471791419,-3.236267387775033,-4.347691084016386,-1.0,1.0,60,10.0
headline_12m_pct,four_country_ridge,1,expanding_ar2_ridge_tscv,m0_ar,2024-06-01,2024-07-01,-4.603967695265876,-4.797448707407961,0.1934810121420849,1.0,1.0,61,
headline_12m_pct,four_country_ridge,1,expanding_ar2_ridge_tscv,m3_ridge_all,2024-06-01,2024-07-01,-4.603967695265876,-4.415935429750286,-0.1880322655155897,1.0,1.0,61,31.622776601683793
headline_12m_pct,four_country_ridge,1,expanding_ar2_ridge_tscv,m0_ar,2024-07-01,2024-08-01,-4.107719941091171,-4.536880496494202,0.42916055540303155,1.0,1.0,62,
headline_12m_pct,four_country_ridge,1,expanding_ar2_ridge_tscv,m3_ridge_all,2024-07-01,2024-08-01,-4.107719941091171,-4.6239963238713635,0.5162763827801928,1.0,-1.0,62,31.622776601683793
headline_12m_pct,four_country_ridge,1,expanding_ar2_ridge_tscv,m0_ar,2024-09-01,2024-10-01,-5.472511497070798,-3.181471586575329,-2.291039910495469,-1.0,1.0,63,
headline_12m_pct,four_country_ridge,1,expanding_ar2_ridge_tscv,m3_ridge_all,2024-09-01,2024-10-01,-5.472511497070798,-1.595074755375623,-3.877436741695175,-1.0,1.0,63,100.0
headline_12m_pct,four_country_ridge,1,expanding_ar2_ridge_tscv,m0_ar,2024-10-01,2024-11-01,-3.037132302404766,-3.943115449866414,0.9059831474616482,1.0,1.0,64,
headline_12m_pct,four_country_ridge,1,expanding_ar2_ridge_tscv,m3_ridge_all,2024-10-01,2024-11-01,-3.037132302404766,-3.435916099783366,0.39878379737860037,1.0,1.0,64,31.622776601683793
headline_12m_pct,four_country_ridge,1,expanding_ar2_ridge_tscv,m0_ar,2024-11-01,2024-12-01,-2.278434792877937,-3.187062075051765,0.9086272821738279,1.0,-1.0,65,
headline_12m_pct,four_country_ridge,1,expanding_ar2_ridge_tscv,m3_ridge_all,2024-11-01,2024-12-01,-2.278434792877937,-3.4316336609277807,1.1531988680498437,1.0,-1.0,65,31.622776601683793
headline_12m_pct,four_country_ridge,1,expanding_ar2_ridge_tscv,m0_ar,2024-12-01,2025-01-01,-0.7373184894497897,-2.045545104455245,1.3082266150054553,1.0,1.0,66,
headline_12m_pct,four_country_ridge,1,expanding_ar2_ridge_tscv,m3_ridge_all,2024-12-01,2025-01-01,-0.7373184894497897,-2.76079851483688,2.0234800253870904,1.0,-1.0,66,31.622776601683793
headline_12m_pct,four_country_ridge,1,expanding_ar2_ridge_tscv,m0_ar,2025-01-01,2025-02-01,0.99382179909846,-1.059133818111059,2.052955617209519,1.0,-1.0,67,
headline_12m_pct,four_country_ridge,1,expanding_ar2_ridge_tscv,m3_ridge_all,2025-01-01,2025-02-01,0.99382179909846,-1.0397298762987348,2.0335516753971947,1.0,-1.0,67,100.0
headline_12m_pct,four_country_ridge,1,expanding_ar2_ridge_tscv,m0_ar,2025-02-01,2025-03-01,-4.788793294846883,0.2557429826782902,-5.044536277525173,-1.0,-1.0,68,
headline_12m_pct,four_country_ridge,1,expanding_ar2_ridge_tscv,m3_ridge_all,2025-02-01,2025-03-01,-4.788793294846883,-0.15980119029779075,-4.628992104549092,-1.0,-1.0,68,31.622776601683793
headline_12m_pct,four_country_ridge,1,expanding_ar2_ridge_tscv,m0_ar,2025-03-01,2025-04-01,-1.4148907309219916,-1.9657763588273558,0.5508856279053642,1.0,1.0,69,
headline_12m_pct,four_country_ridge,1,expanding_ar2_ridge_tscv,m3_ridge_all,2025-03-01,2025-04-01,-1.4148907309219916,-1.5098763215790834,0.09498559065709178,1.0,1.0,69,100.0
headline_12m_pct,four_country_ridge,1,expanding_ar2_ridge_tscv,m0_ar,2025-04-01,2025-05-01,-4.422514301273295,-2.192706081728087,-2.229808219545208,-1.0,-1.0,70,
headline_12m_pct,four_country_ridge,1,expanding_ar2_ridge_tscv,m3_ridge_all,2025-04-01,2025-05-01,-4.422514301273295,-2.7029696193890356,-1.7195446818842592,-1.0,-1.0,70,1.0
headline_12m_pct,four_country_ridge,1,expanding_ar2_ridge_tscv,m0_ar,2025-05-01,2025-06-01,-2.2858867235463043,-2.515214865729172,0.2293281421828679,1.0,1.0,71,
headline_12m_pct,four_country_ridge,1,expanding_ar2_ridge_tscv,m3_ridge_all,2025-05-01,2025-06-01,-2.2858867235463043,-2.1490094464702203,-0.136877277076084,1.0,1.0,71,3.1622776601683795
headline_12m_pct,four_country_ridge,1,expanding_ar2_ridge_tscv,m0_ar,2025-06-01,2025-07-01,-0.6727706458088178,-2.5574578892041,1.8846872433952822,1.0,-1.0,72,
headline_12m_pct,four_country_ridge,1,expanding_ar2_ridge_tscv,m3_ridge_all,2025-06-01,2025-07-01,-0.6727706458088178,-1.4287223642635092,0.7559517184546913,1.0,1.0,72,31.622776601683793
headline_12m_pct,four_country_ridge,1,expanding_ar2_ridge_tscv,m0_ar,2025-07-01,2025-08-01,-2.4483308135832327,-1.0978348062673895,-1.3504960073158432,-1.0,-1.0,73,
headline_12m_pct,four_country_ridge,1,expanding_ar2_ridge_tscv,m3_ridge_all,2025-07-01,2025-08-01,-2.4483308135832327,-0.19504535778778592,-2.2532854557954467,-1.0,1.0,73,31.622776601683793
headline_12m_pct,four_country_ridge,1,expanding_ar2_ridge_tscv,m0_ar,2025-08-01,2025-09-01,-2.5742661462756056,-1.3842276156595081,-1.1900385306160974,-1.0,1.0,74,
headline_12m_pct,four_country_ridge,1,expanding_ar2_ridge_tscv,m3_ridge_all,2025-08-01,2025-09-01,-2.5742661462756056,-1.4313567364859114,-1.1429094097896941,-1.0,1.0,74,10.0
headline_12m_pct,four_country_ridge,1,expanding_ar2_ridge_tscv,m0_ar,2025-09-01,2025-10-01,-2.252524011229462,-2.0341792363868794,-0.21834477484258263,1.0,1.0,75,
headline_12m_pct,four_country_ridge,1,expanding_ar2_ridge_tscv,m3_ridge_all,2025-09-01,2025-10-01,-2.252524011229462,-2.2578856142006085,0.005361602971146517,1.0,1.0,75,10.0
headline_12m_pct,four_country_ridge,1,expanding_ar2_ridge_tscv,m0_ar,2025-10-01,2025-11-01,-1.3699657014483724,-1.935529640044113,0.5655639385957407,1.0,1.0,76,
headline_12m_pct,four_country_ridge,1,expanding_ar2_ridge_tscv,m3_ridge_all,2025-10-01,2025-11-01,-1.3699657014483724,-2.1173846649394807,0.7474189634911084,1.0,1.0,76,10.0
headline_12m_pct,four_country_ridge,1,expanding_ar2_ridge_tscv,m0_ar,2025-11-01,2025-12-01,-3.0805274713124886,-1.4296323302397778,-1.6508951410727108,-1.0,-1.0,77,
headline_12m_pct,four_country_ridge,1,expanding_ar2_ridge_tscv,m3_ridge_all,2025-11-01,2025-12-01,-3.0805274713124886,-1.7625441922551364,-1.3179832790573522,-1.0,-1.0,77,10.0
headline_12m_pct,four_country_ridge,1,expanding_ar2_ridge_tscv,m0_ar,2025-12-01,2026-01-01,-6.8855855298439845,-1.931041333303571,-4.954544196540414,-1.0,1.0,78,
headline_12m_pct,four_country_ridge,1,expanding_ar2_ridge_tscv,m3_ridge_all,2025-12-01,2026-01-01,-6.8855855298439845,-2.450963036732481,-4.434622493111504,-1.0,1.0,78,31.622776601683793
headline_12m_pct,four_country_ridge,1,expanding_ar2_ridge_tscv,m0_ar,2026-01-01,2026-02-01,-5.32933852554388,-4.354091306049158,-0.9752472194947224,1.0,1.0,79,
headline_12m_pct,four_country_ridge,1,expanding_ar2_ridge_tscv,m3_ridge_all,2026-01-01,2026-02-01,-5.32933852554388,-5.398738350179313,0.0693998246354326,1.0,1.0,79,31.622776601683793
headline_12m_pct,four_country_ridge,1,expanding_ar2_ridge_tscv,m0_ar,2026-02-01,2026-03-01,-2.6513516768556733,-4.859472045654931,2.2081203687992574,1.0,1.0,80,
headline_12m_pct,four_country_ridge,1,expanding_ar2_ridge_tscv,m3_ridge_all,2026-02-01,2026-03-01,-2.6513516768556733,-5.972526952353815,3.3211752754981414,1.0,-1.0,80,31.622776601683793
headline_12m_pct,four_country_ridge,1,expanding_ar2_ridge_tscv,m0_ar,2026-03-01,2026-04-01,-1.832560475351508,-3.0024411892387235,1.1698807138872156,1.0,-1.0,81,
headline_12m_pct,four_country_ridge,1,expanding_ar2_ridge_tscv,m3_ridge_all,2026-03-01,2026-04-01,-1.832560475351508,-3.727797760077855,1.8952372847263472,1.0,-1.0,81,10.0
headline_12m_pct,four_country_ridge,1,expanding_ar2_ridge_tscv,m0_ar,2026-04-01,2026-05-01,-2.1456196366929414,-1.7949634369346472,-0.3506561997582942,-1.0,1.0,82,
headline_12m_pct,four_country_ridge,1,expanding_ar2_ridge_tscv,m3_ridge_all,2026-04-01,2026-05-01,-2.1456196366929414,-2.059102291242502,-0.08651734545043954,-1.0,-1.0,82,10.0
headline_12m_pct,four_country_ridge,1,expanding_ar2_ridge_tscv,m0_ar,2026-05-01,2026-06-01,0.8393365806975028,-1.712991491491143,2.552328072188646,1.0,1.0,83,
headline_12m_pct,four_country_ridge,1,expanding_ar2_ridge_tscv,m3_ridge_all,2026-05-01,2026-06-01,0.8393365806975028,-3.040876704789024,3.8802132854865268,1.0,-1.0,83,31.622776601683793
headline_12m_pct,four_country_ridge,2,expanding_ar2_ridge_tscv,m0_ar,2024-05-01,2024-07-01,-4.603967695265876,-2.565286832501975,-2.038680862763901,-1.0,1.0,60,
headline_12m_pct,four_country_ridge,2,expanding_ar2_ridge_tscv,m3_ridge_all,2024-05-01,2024-07-01,-4.603967695265876,-2.4400976813532824,-2.1638700139125935,-1.0,1.0,60,31.622776601683793
headline_12m_pct,four_country_ridge,2,expanding_ar2_ridge_tscv,m0_ar,2024-06-01,2024-08-01,-4.107719941091171,-4.176760950531138,0.06904100943996738,1.0,1.0,60,
headline_12m_pct,four_country_ridge,2,expanding_ar2_ridge_tscv,m3_ridge_all,2024-06-01,2024-08-01,-4.107719941091171,-3.3656275206244506,-0.7420924204667201,1.0,1.0,60,31.622776601683793
headline_12m_pct,four_country_ridge,2,expanding_ar2_ridge_tscv,m0_ar,2024-07-01,2024-09-01,-4.042451517161327,-3.3231399751298616,-0.7193115420314653,1.0,1.0,61,
headline_12m_pct,four_country_ridge,2,expanding_ar2_ridge_tscv,m3_ridge_all,2024-07-01,2024-09-01,-4.042451517161327,-2.3840728755071767,-1.6583786416541502,1.0,1.0,61,100.0
headline_12m_pct,four_country_ridge,2,expanding_ar2_ridge_tscv,m0_ar,2024-09-01,2024-11-01,-3.037132302404766,-2.611107392574175,-0.4260249098305908,1.0,1.0,63,
headline_12m_pct,four_country_ridge,2,expanding_ar2_ridge_tscv,m3_ridge_all,2024-09-01,2024-11-01,-3.037132302404766,-1.5534797045761273,-1.4836525978286386,1.0,1.0,63,100.0
headline_12m_pct,four_country_ridge,2,expanding_ar2_ridge_tscv,m0_ar,2024-10-01,2024-12-01,-2.278434792877937,-3.306871002243713,1.028436209365776,1.0,1.0,63,
headline_12m_pct,four_country_ridge,2,expanding_ar2_ridge_tscv,m3_ridge_all,2024-10-01,2024-12-01,-2.278434792877937,-1.9317115652279107,-0.3467232276500263,1.0,1.0,63,100.0
headline_12m_pct,four_country_ridge,2,expanding_ar2_ridge_tscv,m0_ar,2024-11-01,2025-01-01,-0.7373184894497897,-2.3293211228044175,1.5920026333546278,1.0,1.0,64,
headline_12m_pct,four_country_ridge,2,expanding_ar2_ridge_tscv,m3_ridge_all,2024-11-01,2025-01-01,-0.7373184894497897,-2.0953797785591033,1.3580612891093136,1.0,1.0,64,100.0
headline_12m_pct,four_country_ridge,2,expanding_ar2_ridge_tscv,m0_ar,2024-12-01,2025-02-01,0.99382179909846,-1.5688365383971548,2.562658337495615,1.0,1.0,65,
headline_12m_pct,four_country_ridge,2,expanding_ar2_ridge_tscv,m3_ridge_all,2024-12-01,2025-02-01,0.99382179909846,-1.9525258798593483,2.9463476789578085,1.0,1.0,65,100.0
headline_12m_pct,four_country_ridge,2,expanding_ar2_ridge_tscv,m0_ar,2025-01-01,2025-03-01,-4.788793294846883,-0.6608279819000924,-4.127965312946791,-1.0,1.0,66,
headline_12m_pct,four_country_ridge,2,expanding_ar2_ridge_tscv,m3_ridge_all,2025-01-01,2025-03-01,-4.788793294846883,-1.0961633502399784,-3.692629944606905,-1.0,-1.0,66,100.0
headline_12m_pct,four_country_ridge,2,expanding_ar2_ridge_tscv,m0_ar,2025-02-01,2025-04-01,-1.4148907309219916,0.42903938857470797,-1.8439301194966995,-1.0,-1.0,67,
headline_12m_pct,four_country_ridge,2,expanding_ar2_ridge_tscv,m3_ridge_all,2025-02-01,2025-04-01,-1.4148907309219916,-0.3846881060182449,-1.0302026249037466,-1.0,-1.0,67,100.0
headline_12m_pct,four_country_ridge,2,expanding_ar2_ridge_tscv,m0_ar,2025-03-01,2025-05-01,-4.422514301273295,-2.185451825364503,-2.237062475908792,1.0,1.0,68,
headline_12m_pct,four_country_ridge,2,expanding_ar2_ridge_tscv,m3_ridge_all,2025-03-01,2025-05-01,-4.422514301273295,-1.6036024098812658,-2.818911891392029,1.0,1.0,68,100.0
headline_12m_pct,four_country_ridge,2,expanding_ar2_ridge_tscv,m0_ar,2025-04-01,2025-06-01,-2.2858867235463043,-1.4132779122493093,-0.872608811296995,-1.0,1.0,69,
headline_12m_pct,four_country_ridge,2,expanding_ar2_ridge_tscv,m3_ridge_all,2025-04-01,2025-06-01,-2.2858867235463043,-1.4390678954925538,-0.8468188280537505,-1.0,-1.0,69,100.0
headline_12m_pct,four_country_ridge,2,expanding_ar2_ridge_tscv,m0_ar,2025-05-01,2025-07-01,-0.6727706458088178,-2.472368419062282,1.7995977732534643,1.0,1.0,70,
headline_12m_pct,four_country_ridge,2,expanding_ar2_ridge_tscv,m3_ridge_all,2025-05-01,2025-07-01,-0.6727706458088178,-1.9307752713215,1.2580046255126822,1.0,1.0,70,31.622776601683793
headline_12m_pct,four_country_ridge,2,expanding_ar2_ridge_tscv,m0_ar,2025-06-01,2025-08-01,-2.4483308135832327,-1.805044743569678,-0.6432860700135548,-1.0,1.0,71,
headline_12m_pct,four_country_ridge,2,expanding_ar2_ridge_tscv,m3_ridge_all,2025-06-01,2025-08-01,-2.4483308135832327,-1.494992341856298,-0.9533384717269346,-1.0,1.0,71,31.622776601683793
headline_12m_pct,four_country_ridge,2,expanding_ar2_ridge_tscv,m0_ar,2025-07-01,2025-09-01,-2.5742661462756056,-0.7075055731174217,-1.8667605731581838,-1.0,-1.0,72,
headline_12m_pct,four_country_ridge,2,expanding_ar2_ridge_tscv,m3_ridge_all,2025-07-01,2025-09-01,-2.5742661462756056,-0.47758496145002177,-2.096681184825584,-1.0,1.0,72,31.622776601683793
headline_12m_pct,four_country_ridge,2,expanding_ar2_ridge_tscv,m0_ar,2025-08-01,2025-10-01,-2.252524011229462,-1.3546084598305201,-0.8979155513989419,1.0,1.0,73,
headline_12m_pct,four_country_ridge,2,expanding_ar2_ridge_tscv,m3_ridge_all,2025-08-01,2025-10-01,-2.252524011229462,-1.53875381038623,-0.7137702008432321,1.0,1.0,73,31.622776601683793
headline_12m_pct,four_country_ridge,2,expanding_ar2_ridge_tscv,m0_ar,2025-09-01,2025-11-01,-1.3699657014483724,-1.6952417956658132,0.32527609421744086,1.0,1.0,74,
headline_12m_pct,four_country_ridge,2,expanding_ar2_ridge_tscv,m3_ridge_all,2025-09-01,2025-11-01,-1.3699657014483724,-1.9524597813600164,0.582494079911644,1.0,1.0,74,31.622776601683793
headline_12m_pct,four_country_ridge,2,expanding_ar2_ridge_tscv,m0_ar,2025-10-01,2025-12-01,-3.0805274713124886,-1.573609009859756,-1.5069184614527327,-1.0,1.0,75,
headline_12m_pct,four_country_ridge,2,expanding_ar2_ridge_tscv,m3_ridge_all,2025-10-01,2025-12-01,-3.0805274713124886,-1.8440110413370423,-1.2365164299754463,-1.0,1.0,75,31.622776601683793
headline_12m_pct,four_country_ridge,2,expanding_ar2_ridge_tscv,m0_ar,2025-11-01,2026-01-01,-6.8855855298439845,-1.094919289202328,-5.790666240641657,-1.0,1.0,76,
headline_12m_pct,four_country_ridge,2,expanding_ar2_ridge_tscv,m3_ridge_all,2025-11-01,2026-01-01,-6.8855855298439845,-1.613268218019398,-5.272317311824587,-1.0,-1.0,76,31.622776601683793
headline_12m_pct,four_country_ridge,2,expanding_ar2_ridge_tscv,m0_ar,2025-12-01,2026-02-01,-5.32933852554388,-1.8181366905312064,-3.511201835012674,-1.0,1.0,77,
headline_12m_pct,four_country_ridge,2,expanding_ar2_ridge_tscv,m3_ridge_all,2025-12-01,2026-02-01,-5.32933852554388,-3.0441230253217184,-2.285215500222162,-1.0,1.0,77,31.622776601683793
headline_12m_pct,four_country_ridge,2,expanding_ar2_ridge_tscv,m0_ar,2026-01-01,2026-03-01,-2.6513516768556733,-4.002243829145326,1.3508921522896524,1.0,1.0,78,
headline_12m_pct,four_country_ridge,2,expanding_ar2_ridge_tscv,m3_ridge_all,2026-01-01,2026-03-01,-2.6513516768556733,-5.250301119788784,2.5989494429331104,1.0,1.0,78,31.622776601683793
headline_12m_pct,four_country_ridge,2,expanding_ar2_ridge_tscv,m0_ar,2026-02-01,2026-04-01,-1.832560475351508,-3.946447004285018,2.1138865289335103,1.0,1.0,79,
headline_12m_pct,four_country_ridge,2,expanding_ar2_ridge_tscv,m3_ridge_all,2026-02-01,2026-04-01,-1.832560475351508,-5.728822226833973,3.896261751482465,1.0,-1.0,79,31.622776601683793
headline_12m_pct,four_country_ridge,2,expanding_ar2_ridge_tscv,m0_ar,2026-03-01,2026-05-01,-2.1456196366929414,-2.352219662598263,0.20660002590532178,1.0,1.0,80,
headline_12m_pct,four_country_ridge,2,expanding_ar2_ridge_tscv,m3_ridge_all,2026-03-01,2026-05-01,-2.1456196366929414,-4.196061768716053,2.0504421320231114,1.0,-1.0,80,31.622776601683793
headline_12m_pct,four_country_ridge,2,expanding_ar2_ridge_tscv,m0_ar,2026-04-01,2026-06-01,0.8393365806975028,-1.4730507936218,2.312387374319303,1.0,1.0,81,
headline_12m_pct,four_country_ridge,2,expanding_ar2_ridge_tscv,m3_ridge_all,2026-04-01,2026-06-01,0.8393365806975028,-2.872977797361073,3.7123143780585757,1.0,-1.0,81,31.622776601683793
headline_12m_pct,four_country_ridge,3,expanding_ar2_ridge_tscv,m0_ar,2024-06-01,2024-09-01,-4.042451517161327,-3.434170793175614,-0.6082807239857129,1.0,1.0,60,
headline_12m_pct,four_country_ridge,3,expanding_ar2_ridge_tscv,m3_ridge_all,2024-06-01,2024-09-01,-4.042451517161327,-2.1373831858305303,-1.9050683313307966,1.0,1.0,60,100.0
headline_12m_pct,four_country_ridge,3,expanding_ar2_ridge_tscv,m0_ar,2024-07-01,2024-10-01,-5.472511497070798,-2.051996785753876,-3.4205147113169216,-1.0,1.0,60,
headline_12m_pct,four_country_ridge,3,expanding_ar2_ridge_tscv,m3_ridge_all,2024-07-01,2024-10-01,-5.472511497070798,-2.040627251085192,-3.431884245985606,-1.0,1.0,60,100.0
headline_12m_pct,four_country_ridge,3,expanding_ar2_ridge_tscv,m0_ar,2024-09-01,2024-12-01,-2.278434792877937,-2.0065358841188794,-0.27189890875905753,1.0,1.0,62,
headline_12m_pct,four_country_ridge,3,expanding_ar2_ridge_tscv,m3_ridge_all,2024-09-01,2024-12-01,-2.278434792877937,-0.768585585132037,-1.5098492077459,1.0,1.0,62,316.22776601683796
headline_12m_pct,four_country_ridge,3,expanding_ar2_ridge_tscv,m0_ar,2024-10-01,2025-01-01,-0.7373184894497897,-2.8428655365265576,2.105547047076768,1.0,1.0,63,
headline_12m_pct,four_country_ridge,3,expanding_ar2_ridge_tscv,m3_ridge_all,2024-10-01,2025-01-01,-0.7373184894497897,-0.505713952639488,-0.2316045368103017,1.0,1.0,63,1000.0
headline_12m_pct,four_country_ridge,3,expanding_ar2_ridge_tscv,m0_ar,2024-11-01,2025-02-01,0.99382179909846,-1.805079059430452,2.798900858528912,1.0,1.0,63,
headline_12m_pct,four_country_ridge,3,expanding_ar2_ridge_tscv,m3_ridge_all,2024-11-01,2025-02-01,0.99382179909846,-0.5305120417054953,1.5243338408039553,1.0,1.0,63,1000.0
headline_12m_pct,four_country_ridge,3,expanding_ar2_ridge_tscv,m0_ar,2024-12-01,2025-03-01,-4.788793294846883,-1.3418500787553418,-3.446943216091541,-1.0,1.0,64,
headline_12m_pct,four_country_ridge,3,expanding_ar2_ridge_tscv,m3_ridge_all,2024-12-01,2025-03-01,-4.788793294846883,-0.5701369728108496,-4.218656322036034,-1.0,1.0,64,1000.0
headline_12m_pct,four_country_ridge,3,expanding_ar2_ridge_tscv,m0_ar,2025-01-01,2025-04-01,-1.4148907309219916,-0.5575531409858302,-0.8573375899361614,-1.0,1.0,65,
headline_12m_pct,four_country_ridge,3,expanding_ar2_ridge_tscv,m3_ridge_all,2025-01-01,2025-04-01,-1.4148907309219916,-0.40464189849179344,-1.0102488324301981,-1.0,1.0,65,1000.0
headline_12m_pct,four_country_ridge,3,expanding_ar2_ridge_tscv,m0_ar,2025-02-01,2025-05-01,-4.422514301273295,0.33850078201587924,-4.761015083289174,-1.0,-1.0,66,
headline_12m_pct,four_country_ridge,3,expanding_ar2_ridge_tscv,m3_ridge_all,2025-02-01,2025-05-01,-4.422514301273295,-0.7978698001298354,-3.624644501143459,-1.0,-1.0,66,100.0
headline_12m_pct,four_country_ridge,3,expanding_ar2_ridge_tscv,m0_ar,2025-03-01,2025-06-01,-2.2858867235463043,-2.2408816275075916,-0.04500509603871272,1.0,1.0,67,
headline_12m_pct,four_country_ridge,3,expanding_ar2_ridge_tscv,m3_ridge_all,2025-03-01,2025-06-01,-2.2858867235463043,-0.5395881509512992,-1.746298572595005,1.0,1.0,67,1000.0
headline_12m_pct,four_country_ridge,3,expanding_ar2_ridge_tscv,m0_ar,2025-04-01,2025-07-01,-0.6727706458088178,-0.9770392731354932,0.30426862732667537,1.0,1.0,68,
headline_12m_pct,four_country_ridge,3,expanding_ar2_ridge_tscv,m3_ridge_all,2025-04-01,2025-07-01,-0.6727706458088178,-0.8615095490646407,0.18873890325582288,1.0,1.0,68,316.22776601683796
headline_12m_pct,four_country_ridge,3,expanding_ar2_ridge_tscv,m0_ar,2025-05-01,2025-08-01,-2.4483308135832327,-2.1870339052484304,-0.26129690833480224,1.0,1.0,69,
headline_12m_pct,four_country_ridge,3,expanding_ar2_ridge_tscv,m3_ridge_all,2025-05-01,2025-08-01,-2.4483308135832327,-1.139035165858968,-1.3092956477242648,1.0,1.0,69,100.0
headline_12m_pct,four_country_ridge,3,expanding_ar2_ridge_tscv,m0_ar,2025-06-01,2025-09-01,-2.5742661462756056,-1.4411872825354042,-1.1330788637402014,-1.0,1.0,70,
headline_12m_pct,four_country_ridge,3,expanding_ar2_ridge_tscv,m3_ridge_all,2025-06-01,2025-09-01,-2.5742661462756056,-1.0677052023445834,-1.5065609439310221,-1.0,1.0,70,31.622776601683793
headline_12m_pct,four_country_ridge,3,expanding_ar2_ridge_tscv,m0_ar,2025-07-01,2025-10-01,-2.252524011229462,-0.6192634438983781,-1.6332605673310838,-1.0,1.0,71,
headline_12m_pct,four_country_ridge,3,expanding_ar2_ridge_tscv,m3_ridge_all,2025-07-01,2025-10-01,-2.252524011229462,-0.1573421634079466,-2.0951818478215154,-1.0,1.0,71,100.0
headline_12m_pct,four_country_ridge,3,expanding_ar2_ridge_tscv,m0_ar,2025-08-01,2025-11-01,-1.3699657014483724,-1.30768870049559,-0.062277000952782435,1.0,1.0,72,
headline_12m_pct,four_country_ridge,3,expanding_ar2_ridge_tscv,m3_ridge_all,2025-08-01,2025-11-01,-1.3699657014483724,-0.9865557205264225,-0.3834099809219499,1.0,1.0,72,100.0
headline_12m_pct,four_country_ridge,3,expanding_ar2_ridge_tscv,m0_ar,2025-09-01,2025-12-01,-3.0805274713124886,-1.478310215026836,-1.6022172562856527,-1.0,1.0,73,
headline_12m_pct,four_country_ridge,3,expanding_ar2_ridge_tscv,m3_ridge_all,2025-09-01,2025-12-01,-3.0805274713124886,-1.2814726857894443,-1.7990547855230443,-1.0,1.0,73,100.0
headline_12m_pct,four_country_ridge,3,expanding_ar2_ridge_tscv,m0_ar,2025-10-01,2026-01-01,-6.8855855298439845,-1.374915699479637,-5.510669830364348,-1.0,1.0,74,
headline_12m_pct,four_country_ridge,3,expanding_ar2_ridge_tscv,m3_ridge_all,2025-10-01,2026-01-01,-6.8855855298439845,-1.4548841881874774,-5.430701341656507,-1.0,1.0,74,100.0
headline_12m_pct,four_country_ridge,3,expanding_ar2_ridge_tscv,m0_ar,2025-11-01,2026-02-01,-5.32933852554388,-0.9775862781532126,-4.351752247390667,-1.0,1.0,75,
headline_12m_pct,four_country_ridge,3,expanding_ar2_ridge_tscv,m3_ridge_all,2025-11-01,2026-02-01,-5.32933852554388,-1.4959922011185613,-3.833346324425319,-1.0,-1.0,75,100.0
headline_12m_pct,four_country_ridge,3,expanding_ar2_ridge_tscv,m0_ar,2025-12-01,2026-03-01,-2.6513516768556733,-1.6833765691878098,-0.9679751076678635,1.0,1.0,76,
headline_12m_pct,four_country_ridge,3,expanding_ar2_ridge_tscv,m3_ridge_all,2025-12-01,2026-03-01,-2.6513516768556733,-2.387240490008532,-0.2641111868471415,1.0,1.0,76,100.0
headline_12m_pct,four_country_ridge,3,expanding_ar2_ridge_tscv,m0_ar,2026-01-01,2026-04-01,-1.832560475351508,-3.5666483681369745,1.7340878927854666,1.0,1.0,77,
headline_12m_pct,four_country_ridge,3,expanding_ar2_ridge_tscv,m3_ridge_all,2026-01-01,2026-04-01,-1.832560475351508,-4.034166763613856,2.2016062882623477,1.0,1.0,77,100.0
headline_12m_pct,four_country_ridge,3,expanding_ar2_ridge_tscv,m0_ar,2026-02-01,2026-05-01,-2.1456196366929414,-3.2871829060396314,1.14156326934669,1.0,1.0,78,
headline_12m_pct,four_country_ridge,3,expanding_ar2_ridge_tscv,m3_ridge_all,2026-02-01,2026-05-01,-2.1456196366929414,-4.491198372595204,2.345578735902263,1.0,1.0,78,100.0
headline_12m_pct,four_country_ridge,3,expanding_ar2_ridge_tscv,m0_ar,2026-03-01,2026-06-01,0.8393365806975028,-2.0018638768742405,2.8412004575717433,1.0,1.0,79,
headline_12m_pct,four_country_ridge,3,expanding_ar2_ridge_tscv,m3_ridge_all,2026-03-01,2026-06-01,0.8393365806975028,-4.008381354922698,4.847717935620201,1.0,-1.0,79,100.0
ex_games_12m_pct,four_country_ridge,1,expanding_ar2_ridge_tscv,m0_ar,2024-05-01,2024-06-01,-7.629436946869672,-4.376713544027959,-3.2527234028417125,-1.0,-1.0,60,
ex_games_12m_pct,four_country_ridge,1,expanding_ar2_ridge_tscv,m3_ridge_all,2024-05-01,2024-06-01,-7.629436946869672,-4.827916326149715,-2.8015206207199563,-1.0,-1.0,60,10.0
ex_games_12m_pct,four_country_ridge,1,expanding_ar2_ridge_tscv,m0_ar,2024-06-01,2024-07-01,-4.657567099958603,-6.288987734935768,1.6314206349771645,1.0,1.0,61,
ex_games_12m_pct,four_country_ridge,1,expanding_ar2_ridge_tscv,m3_ridge_all,2024-06-01,2024-07-01,-4.657567099958603,-6.863495712042948,2.205928612084344,1.0,1.0,61,10.0
ex_games_12m_pct,four_country_ridge,1,expanding_ar2_ridge_tscv,m0_ar,2024-07-01,2024-08-01,-4.590242178949633,-5.353932419004069,0.7636902400544363,1.0,-1.0,62,
ex_games_12m_pct,four_country_ridge,1,expanding_ar2_ridge_tscv,m3_ridge_all,2024-07-01,2024-08-01,-4.590242178949633,-5.62036242547882,1.0301202465291874,1.0,-1.0,62,31.622776601683793
ex_games_12m_pct,four_country_ridge,1,expanding_ar2_ridge_tscv,m0_ar,2024-09-01,2024-10-01,-6.12729139835505,-3.3415502290658328,-2.785741169289217,-1.0,-1.0,63,
ex_games_12m_pct,four_country_ridge,1,expanding_ar2_ridge_tscv,m3_ridge_all,2024-09-01,2024-10-01,-6.12729139835505,-3.453290743344061,-2.674000655010989,-1.0,-1.0,63,31.622776601683793
ex_games_12m_pct,four_country_ridge,1,expanding_ar2_ridge_tscv,m0_ar,2024-10-01,2024-11-01,-7.048818718717975,-4.815703650284388,-2.2331150684335865,-1.0,1.0,64,
ex_games_12m_pct,four_country_ridge,1,expanding_ar2_ridge_tscv,m3_ridge_all,2024-10-01,2024-11-01,-7.048818718717975,-5.29104273375152,-1.7577759849664547,-1.0,1.0,64,10.0
ex_games_12m_pct,four_country_ridge,1,expanding_ar2_ridge_tscv,m0_ar,2024-11-01,2024-12-01,-3.822313601867344,-6.508559998213971,2.686246396346627,1.0,1.0,65,
ex_games_12m_pct,four_country_ridge,1,expanding_ar2_ridge_tscv,m3_ridge_all,2024-11-01,2024-12-01,-3.822313601867344,-8.01492431468139,4.192610712814047,1.0,-1.0,65,3.1622776601683795
ex_games_12m_pct,four_country_ridge,1,expanding_ar2_ridge_tscv,m0_ar,2024-12-01,2025-01-01,-3.009161782960257,-4.629101617385271,1.6199398344250144,1.0,-1.0,66,
ex_games_12m_pct,four_country_ridge,1,expanding_ar2_ridge_tscv,m3_ridge_all,2024-12-01,2025-01-01,-3.009161782960257,-5.507145980784235,2.497984197823978,1.0,-1.0,66,31.622776601683793
ex_games_12m_pct,four_country_ridge,1,expanding_ar2_ridge_tscv,m0_ar,2025-01-01,2025-02-01,0.5110284774329621,-3.1257468026443287,3.636775280077291,1.0,-1.0,67,
ex_games_12m_pct,four_country_ridge,1,expanding_ar2_ridge_tscv,m3_ridge_all,2025-01-01,2025-02-01,0.5110284774329621,-3.51874551026689,4.029773987699852,1.0,-1.0,67,31.622776601683793
ex_games_12m_pct,four_country_ridge,1,expanding_ar2_ridge_tscv,m0_ar,2025-02-01,2025-03-01,-4.1065518894862985,-0.5676974357474004,-3.538854453738898,-1.0,-1.0,68,
ex_games_12m_pct,four_country_ridge,1,expanding_ar2_ridge_tscv,m3_ridge_all,2025-02-01,2025-03-01,-4.1065518894862985,-1.531025486837326,-2.5755264026489724,-1.0,-1.0,68,10.0
ex_games_12m_pct,four_country_ridge,1,expanding_ar2_ridge_tscv,m0_ar,2025-03-01,2025-04-01,-1.583265763339814,-2.4842365248985483,0.9009707615587343,1.0,1.0,69,
ex_games_12m_pct,four_country_ridge,1,expanding_ar2_ridge_tscv,m3_ridge_all,2025-03-01,2025-04-01,-1.583265763339814,-3.2410917972030235,1.6578260338632096,1.0,1.0,69,10.0
ex_games_12m_pct,four_country_ridge,1,expanding_ar2_ridge_tscv,m0_ar,2025-04-01,2025-05-01,-4.703921036883885,-2.4088723869281954,-2.2950486499556892,-1.0,-1.0,70,
ex_games_12m_pct,four_country_ridge,1,expanding_ar2_ridge_tscv,m3_ridge_all,2025-04-01,2025-05-01,-4.703921036883885,-4.309645866771079,-0.394275170112806,-1.0,-1.0,70,0.31622776601683794
ex_games_12m_pct,four_country_ridge,1,expanding_ar2_ridge_tscv,m0_ar,2025-05-01,2025-06-01,-3.4281269233418676,-3.3566604606028725,-0.07146646273899515,1.0,1.0,71,
ex_games_12m_pct,four_country_ridge,1,expanding_ar2_ridge_tscv,m3_ridge_all,2025-05-01,2025-06-01,-3.4281269233418676,-3.106268736253517,-0.3218581870883508,1.0,1.0,71,3.1622776601683795
ex_games_12m_pct,four_country_ridge,1,expanding_ar2_ridge_tscv,m0_ar,2025-06-01,2025-07-01,-2.5534838813574656,-3.721693678952031,1.1682097975945656,1.0,-1.0,72,
ex_games_12m_pct,four_country_ridge,1,expanding_ar2_ridge_tscv,m3_ridge_all,2025-06-01,2025-07-01,-2.5534838813574656,-3.076216368969866,0.5227324876124002,1.0,1.0,72,31.622776601683793
ex_games_12m_pct,four_country_ridge,1,expanding_ar2_ridge_tscv,m0_ar,2025-07-01,2025-08-01,-3.427360329718432,-2.7792749167459956,-0.6480854129724363,-1.0,-1.0,73,
ex_games_12m_pct,four_country_ridge,1,expanding_ar2_ridge_tscv,m3_ridge_all,2025-07-01,2025-08-01,-3.427360329718432,-2.1511348225701044,-1.2762255071483275,-1.0,1.0,73,31.622776601683793
ex_games_12m_pct,four_country_ridge,1,expanding_ar2_ridge_tscv,m0_ar,2025-08-01,2025-09-01,-5.378569541825917,-2.980623722250347,-2.39794581957557,-1.0,1.0,74,
ex_games_12m_pct,four_country_ridge,1,expanding_ar2_ridge_tscv,m3_ridge_all,2025-08-01,2025-09-01,-5.378569541825917,-2.631699006278878,-2.746870535547039,-1.0,1.0,74,31.622776601683793
ex_games_12m_pct,four_country_ridge,1,expanding_ar2_ridge_tscv,m0_ar,2025-09-01,2025-10-01,-4.332443836377308,-4.413926651603276,0.0814828152259679,1.0,1.0,75,
ex_games_12m_pct,four_country_ridge,1,expanding_ar2_ridge_tscv,m3_ridge_all,2025-09-01,2025-10-01,-4.332443836377308,-3.8957945723688607,-0.4366492640084476,1.0,1.0,75,1.0
ex_games_12m_pct,four_country_ridge,1,expanding_ar2_ridge_tscv,m0_ar,2025-10-01,2025-11-01,-0.807393619615937,-4.465604221816167,3.65821060220023,1.0,-1.0,76,
ex_games_12m_pct,four_country_ridge,1,expanding_ar2_ridge_tscv,m3_ridge_all,2025-10-01,2025-11-01,-0.807393619615937,-4.467654243772801,3.6602606241568636,1.0,-1.0,76,1.0
ex_games_12m_pct,four_country_ridge,1,expanding_ar2_ridge_tscv,m0_ar,2025-11-01,2025-12-01,-3.474752726539332,-2.026895699564333,-1.447857026974999,-1.0,-1.0,77,
ex_games_12m_pct,four_country_ridge,1,expanding_ar2_ridge_tscv,m3_ridge_all,2025-11-01,2025-12-01,-3.474752726539332,-2.250714591844469,-1.224038134694863,-1.0,-1.0,77,3.1622776601683795
ex_games_12m_pct,four_country_ridge,1,expanding_ar2_ridge_tscv,m0_ar,2025-12-01,2026-01-01,-5.779840482564625,-2.4288394915774365,-3.3510009909871883,-1.0,1.0,78,
ex_games_12m_pct,four_country_ridge,1,expanding_ar2_ridge_tscv,m3_ridge_all,2025-12-01,2026-01-01,-5.779840482564625,-2.7396859134777216,-3.040154569086903,-1.0,1.0,78,31.622776601683793
ex_games_12m_pct,four_country_ridge,1,expanding_ar2_ridge_tscv,m0_ar,2026-01-01,2026-02-01,-4.743747513093455,-4.695248635002995,-0.048498878090459385,1.0,1.0,79,
ex_games_12m_pct,four_country_ridge,1,expanding_ar2_ridge_tscv,m3_ridge_all,2026-01-01,2026-02-01,-4.743747513093455,-9.141148101365697,4.397400588272243,1.0,-1.0,79,0.31622776601683794
ex_games_12m_pct,four_country_ridge,1,expanding_ar2_ridge_tscv,m0_ar,2026-02-01,2026-03-01,-5.271099706687932,-4.771012934633607,-0.500086772054325,-1.0,-1.0,80,
ex_games_12m_pct,four_country_ridge,1,expanding_ar2_ridge_tscv,m3_ridge_all,2026-02-01,2026-03-01,-5.271099706687932,-6.632934072059097,1.3618343653711653,-1.0,-1.0,80,1.0
ex_games_12m_pct,four_country_ridge,1,expanding_ar2_ridge_tscv,m0_ar,2026-03-01,2026-04-01,-2.396729226068228,-4.786340680212235,2.389611454144007,1.0,1.0,81,
ex_games_12m_pct,four_country_ridge,1,expanding_ar2_ridge_tscv,m3_ridge_all,2026-03-01,2026-04-01,-2.396729226068228,-5.050746350448199,2.654017124379971,1.0,1.0,81,1.0
ex_games_12m_pct,four_country_ridge,1,expanding_ar2_ridge_tscv,m0_ar,2026-04-01,2026-05-01,-2.6637085177280917,-3.2278145041165383,0.5641059863884466,-1.0,-1.0,82,
ex_games_12m_pct,four_country_ridge,1,expanding_ar2_ridge_tscv,m3_ridge_all,2026-04-01,2026-05-01,-2.6637085177280917,-2.6389137491215955,-0.02479476860649621,-1.0,-1.0,82,3.1622776601683795
ex_games_12m_pct,four_country_ridge,1,expanding_ar2_ridge_tscv,m0_ar,2026-05-01,2026-06-01,-0.2218421542170778,-2.520284383251578,2.2984422290345004,1.0,1.0,83,
ex_games_12m_pct,four_country_ridge,1,expanding_ar2_ridge_tscv,m3_ridge_all,2026-05-01,2026-06-01,-0.2218421542170778,-2.836187541401758,2.61434538718468,1.0,-1.0,83,3.1622776601683795
ex_games_12m_pct,four_country_ridge,2,expanding_ar2_ridge_tscv,m0_ar,2024-05-01,2024-07-01,-4.657567099958603,-3.3318001954554575,-1.325766904503146,-1.0,1.0,60,
ex_games_12m_pct,four_country_ridge,2,expanding_ar2_ridge_tscv,m3_ridge_all,2024-05-01,2024-07-01,-4.657567099958603,-3.731354397826728,-0.9262127021318753,-1.0,1.0,60,31.622776601683793
ex_games_12m_pct,four_country_ridge,2,expanding_ar2_ridge_tscv,m0_ar,2024-06-01,2024-08-01,-4.590242178949633,-6.989637157345523,2.3993949783958906,1.0,1.0,60,
ex_games_12m_pct,four_country_ridge,2,expanding_ar2_ridge_tscv,m3_ridge_all,2024-06-01,2024-08-01,-4.590242178949633,-5.357414686532495,0.7671725075828624,1.0,1.0,60,31.622776601683793
ex_games_12m_pct,four_country_ridge,2,expanding_ar2_ridge_tscv,m0_ar,2024-07-01,2024-09-01,-2.9594192651607787,-3.630818512570676,0.6713992474098971,1.0,1.0,61,
ex_games_12m_pct,four_country_ridge,2,expanding_ar2_ridge_tscv,m3_ridge_all,2024-07-01,2024-09-01,-2.9594192651607787,-5.217477058459407,2.258057793298628,1.0,-1.0,61,31.622776601683793
ex_games_12m_pct,four_country_ridge,2,expanding_ar2_ridge_tscv,m0_ar,2024-09-01,2024-11-01,-7.048818718717975,-2.418665946079154,-4.630152772638821,-1.0,1.0,63,
ex_games_12m_pct,four_country_ridge,2,expanding_ar2_ridge_tscv,m3_ridge_all,2024-09-01,2024-11-01,-7.048818718717975,-3.1265115801575156,-3.922307138560459,-1.0,-1.0,63,31.622776601683793
ex_games_12m_pct,four_country_ridge,2,expanding_ar2_ridge_tscv,m0_ar,2024-10-01,2024-12-01,-3.822313601867344,-5.506294575760227,1.6839809738928828,1.0,1.0,63,
ex_games_12m_pct,four_country_ridge,2,expanding_ar2_ridge_tscv,m3_ridge_all,2024-10-01,2024-12-01,-3.822313601867344,-4.17092394976876,0.348610347901416,1.0,1.0,63,31.622776601683793
ex_games_12m_pct,four_country_ridge,2,expanding_ar2_ridge_tscv,m0_ar,2024-11-01,2025-01-01,-3.009161782960257,-6.06562690012616,3.0564651171659034,1.0,1.0,64,
ex_games_12m_pct,four_country_ridge,2,expanding_ar2_ridge_tscv,m3_ridge_all,2024-11-01,2025-01-01,-3.009161782960257,-6.036538263364741,3.027376480404484,1.0,1.0,64,31.622776601683793
ex_games_12m_pct,four_country_ridge,2,expanding_ar2_ridge_tscv,m0_ar,2024-12-01,2025-02-01,0.5110284774329621,-3.193564366531736,3.704592843964698,1.0,1.0,65,
ex_games_12m_pct,four_country_ridge,2,expanding_ar2_ridge_tscv,m3_ridge_all,2024-12-01,2025-02-01,0.5110284774329621,-6.765799130981394,7.276827608414356,1.0,-1.0,65,3.1622776601683795
ex_games_12m_pct,four_country_ridge,2,expanding_ar2_ridge_tscv,m0_ar,2025-01-01,2025-03-01,-4.1065518894862985,-2.603081888304076,-1.5034700011822224,-1.0,1.0,66,
ex_games_12m_pct,four_country_ridge,2,expanding_ar2_ridge_tscv,m3_ridge_all,2025-01-01,2025-03-01,-4.1065518894862985,-3.447517207325766,-0.6590346821605326,-1.0,-1.0,66,31.622776601683793
ex_games_12m_pct,four_country_ridge,2,expanding_ar2_ridge_tscv,m0_ar,2025-02-01,2025-04-01,-1.583265763339814,0.49074705302878535,-2.074012816368599,-1.0,-1.0,67,
ex_games_12m_pct,four_country_ridge,2,expanding_ar2_ridge_tscv,m3_ridge_all,2025-02-01,2025-04-01,-1.583265763339814,-1.751427470952124,0.16816170761231009,-1.0,-1.0,67,31.622776601683793
ex_games_12m_pct,four_country_ridge,2,expanding_ar2_ridge_tscv,m0_ar,2025-03-01,2025-05-01,-4.703921036883885,-3.9313114658219,-0.7726095710619845,-1.0,1.0,68,
ex_games_12m_pct,four_country_ridge,2,expanding_ar2_ridge_tscv,m3_ridge_all,2025-03-01,2025-05-01,-4.703921036883885,-3.4390393037971103,-1.2648817330867743,-1.0,1.0,68,31.622776601683793
ex_games_12m_pct,four_country_ridge,2,expanding_ar2_ridge_tscv,m0_ar,2025-04-01,2025-06-01,-3.4281269233418676,-1.348562445204683,-2.0795644781371845,-1.0,1.0,69,
ex_games_12m_pct,four_country_ridge,2,expanding_ar2_ridge_tscv,m3_ridge_all,2025-04-01,2025-06-01,-3.4281269233418676,-3.0250313099389796,-0.403095613402888,-1.0,-1.0,69,31.622776601683793
ex_games_12m_pct,four_country_ridge,2,expanding_ar2_ridge_tscv,m0_ar,2025-05-01,2025-07-01,-2.5534838813574656,-4.207556962010004,1.6540730806525388,1.0,1.0,70,
ex_games_12m_pct,four_country_ridge,2,expanding_ar2_ridge_tscv,m3_ridge_all,2025-05-01,2025-07-01,-2.5534838813574656,-3.0040536096385324,0.4505697282810668,1.0,1.0,70,31.622776601683793
ex_games_12m_pct,four_country_ridge,2,expanding_ar2_ridge_tscv,m0_ar,2025-06-01,2025-08-01,-3.427360329718432,-2.8894869533844902,-0.5378733763339416,1.0,1.0,71,
ex_games_12m_pct,four_country_ridge,2,expanding_ar2_ridge_tscv,m3_ridge_all,2025-06-01,2025-08-01,-3.427360329718432,-2.560212048731687,-0.8671482809867448,1.0,1.0,71,31.622776601683793
ex_games_12m_pct,four_country_ridge,2,expanding_ar2_ridge_tscv,m0_ar,2025-07-01,2025-09-01,-5.378569541825917,-2.247776051313268,-3.1307934905126493,-1.0,1.0,72,
ex_games_12m_pct,four_country_ridge,2,expanding_ar2_ridge_tscv,m3_ridge_all,2025-07-01,2025-09-01,-5.378569541825917,-1.769888216895606,-3.608681324930311,-1.0,1.0,72,100.0
ex_games_12m_pct,four_country_ridge,2,expanding_ar2_ridge_tscv,m0_ar,2025-08-01,2025-10-01,-4.332443836377308,-3.0076833630360738,-1.3247604733412346,-1.0,1.0,73,
ex_games_12m_pct,four_country_ridge,2,expanding_ar2_ridge_tscv,m3_ridge_all,2025-08-01,2025-10-01,-4.332443836377308,-2.189496661128684,-2.1429471752486244,-1.0,1.0,73,100.0
ex_games_12m_pct,four_country_ridge,2,expanding_ar2_ridge_tscv,m0_ar,2025-09-01,2025-11-01,-0.807393619615937,-4.570955229363512,3.763561609747575,1.0,1.0,74,
ex_games_12m_pct,four_country_ridge,2,expanding_ar2_ridge_tscv,m3_ridge_all,2025-09-01,2025-11-01,-0.807393619615937,-3.0846226216917554,2.2772290020758184,1.0,1.0,74,100.0
ex_games_12m_pct,four_country_ridge,2,expanding_ar2_ridge_tscv,m0_ar,2025-10-01,2025-12-01,-3.474752726539332,-3.682043617887545,0.207290891348213,1.0,1.0,75,
ex_games_12m_pct,four_country_ridge,2,expanding_ar2_ridge_tscv,m3_ridge_all,2025-10-01,2025-12-01,-3.474752726539332,-3.7375791894816275,0.2628264629422956,1.0,1.0,75,31.622776601683793
ex_games_12m_pct,four_country_ridge,2,expanding_ar2_ridge_tscv,m0_ar,2025-11-01,2026-01-01,-5.779840482564625,-0.9332649898651367,-4.846575492699488,-1.0,-1.0,76,
ex_games_12m_pct,four_country_ridge,2,expanding_ar2_ridge_tscv,m3_ridge_all,2025-11-01,2026-01-01,-5.779840482564625,-1.8413327074430035,-3.9385077751216215,-1.0,-1.0,76,10.0
ex_games_12m_pct,four_country_ridge,2,expanding_ar2_ridge_tscv,m0_ar,2025-12-01,2026-02-01,-4.743747513093455,-3.049661539221141,-1.6940859738723137,-1.0,1.0,77,
ex_games_12m_pct,four_country_ridge,2,expanding_ar2_ridge_tscv,m3_ridge_all,2025-12-01,2026-02-01,-4.743747513093455,-2.6262916844139363,-2.1174558286795184,-1.0,1.0,77,10.0
ex_games_12m_pct,four_country_ridge,2,expanding_ar2_ridge_tscv,m0_ar,2026-01-01,2026-03-01,-5.271099706687932,-4.692110829408035,-0.5789888772798966,1.0,1.0,78,
ex_games_12m_pct,four_country_ridge,2,expanding_ar2_ridge_tscv,m3_ridge_all,2026-01-01,2026-03-01,-5.271099706687932,-3.931005618953717,-1.3400940877342147,1.0,1.0,78,100.0
ex_games_12m_pct,four_country_ridge,2,expanding_ar2_ridge_tscv,m0_ar,2026-02-01,2026-04-01,-2.396729226068228,-4.066395326702576,1.6696661006343483,1.0,1.0,79,
ex_games_12m_pct,four_country_ridge,2,expanding_ar2_ridge_tscv,m3_ridge_all,2026-02-01,2026-04-01,-2.396729226068228,-4.283846209757083,1.8871169836888555,1.0,1.0,79,100.0
ex_games_12m_pct,four_country_ridge,2,expanding_ar2_ridge_tscv,m0_ar,2026-03-01,2026-05-01,-2.6637085177280917,-4.436925871028757,1.7732173533006654,1.0,1.0,80,
ex_games_12m_pct,four_country_ridge,2,expanding_ar2_ridge_tscv,m3_ridge_all,2026-03-01,2026-05-01,-2.6637085177280917,-4.410285994142458,1.7465774764143664,1.0,1.0,80,1.0
ex_games_12m_pct,four_country_ridge,2,expanding_ar2_ridge_tscv,m0_ar,2026-04-01,2026-06-01,-0.2218421542170778,-2.29493047676412,2.0730883225470422,1.0,1.0,81,
ex_games_12m_pct,four_country_ridge,2,expanding_ar2_ridge_tscv,m3_ridge_all,2026-04-01,2026-06-01,-0.2218421542170778,-1.321725795410916,1.0998836411938382,1.0,1.0,81,3.1622776601683795
ex_games_12m_pct,four_country_ridge,3,expanding_ar2_ridge_tscv,m0_ar,2024-06-01,2024-09-01,-2.9594192651607787,-6.2521719977607075,3.292752732599929,1.0,1.0,60,
ex_games_12m_pct,four_country_ridge,3,expanding_ar2_ridge_tscv,m3_ridge_all,2024-06-01,2024-09-01,-2.9594192651607787,-5.5434252464707825,2.584005981310004,1.0,1.0,60,31.622776601683793
ex_games_12m_pct,four_country_ridge,3,expanding_ar2_ridge_tscv,m0_ar,2024-07-01,2024-10-01,-6.12729139835505,-3.0595491808819277,-3.067742217473122,-1.0,1.0,60,
ex_games_12m_pct,four_country_ridge,3,expanding_ar2_ridge_tscv,m3_ridge_all,2024-07-01,2024-10-01,-6.12729139835505,-5.41159574663564,-0.7156956517194102,-1.0,-1.0,60,31.622776601683793
ex_games_12m_pct,four_country_ridge,3,expanding_ar2_ridge_tscv,m0_ar,2024-09-01,2024-12-01,-3.822313601867344,-2.2846680844166816,-1.5376455174506622,-1.0,1.0,62,
ex_games_12m_pct,four_country_ridge,3,expanding_ar2_ridge_tscv,m3_ridge_all,2024-09-01,2024-12-01,-3.822313601867344,-2.6639513846223455,-1.1583622172449983,-1.0,1.0,62,100.0
ex_games_12m_pct,four_country_ridge,3,expanding_ar2_ridge_tscv,m0_ar,2024-10-01,2025-01-01,-3.009161782960257,-4.8384201499066375,1.8292583669463807,1.0,1.0,63,
ex_games_12m_pct,four_country_ridge,3,expanding_ar2_ridge_tscv,m3_ridge_all,2024-10-01,2025-01-01,-3.009161782960257,-3.260324253412134,0.25116247045187734,1.0,1.0,63,100.0
ex_games_12m_pct,four_country_ridge,3,expanding_ar2_ridge_tscv,m0_ar,2024-11-01,2025-02-01,0.5110284774329621,-5.3223747892926205,5.833403266725583,1.0,1.0,63,
ex_games_12m_pct,four_country_ridge,3,expanding_ar2_ridge_tscv,m3_ridge_all,2024-11-01,2025-02-01,0.5110284774329621,-4.26105278216749,4.772081259600452,1.0,1.0,63,100.0
ex_games_12m_pct,four_country_ridge,3,expanding_ar2_ridge_tscv,m0_ar,2024-12-01,2025-03-01,-4.1065518894862985,-3.021109806049573,-1.0854420834367255,-1.0,1.0,64,
ex_games_12m_pct,four_country_ridge,3,expanding_ar2_ridge_tscv,m3_ridge_all,2024-12-01,2025-03-01,-4.1065518894862985,-4.081116364336397,-0.025435525149901217,-1.0,-1.0,64,100.0
ex_games_12m_pct,four_country_ridge,3,expanding_ar2_ridge_tscv,m0_ar,2025-01-01,2025-04-01,-1.583265763339814,-2.559995059852836,0.9767292965130219,1.0,1.0,65,
ex_games_12m_pct,four_country_ridge,3,expanding_ar2_ridge_tscv,m3_ridge_all,2025-01-01,2025-04-01,-1.583265763339814,-2.866807627495269,1.2835418641554552,1.0,1.0,65,100.0
ex_games_12m_pct,four_country_ridge,3,expanding_ar2_ridge_tscv,m0_ar,2025-02-01,2025-05-01,-4.703921036883885,-0.2095603624708101,-4.494360674413074,-1.0,-1.0,66,
ex_games_12m_pct,four_country_ridge,3,expanding_ar2_ridge_tscv,m3_ridge_all,2025-02-01,2025-05-01,-4.703921036883885,-2.442499827104678,-2.261421209779207,-1.0,-1.0,66,31.622776601683793
ex_games_12m_pct,four_country_ridge,3,expanding_ar2_ridge_tscv,m0_ar,2025-03-01,2025-06-01,-3.4281269233418676,-3.0888595447133644,-0.3392673786285032,1.0,1.0,67,
ex_games_12m_pct,four_country_ridge,3,expanding_ar2_ridge_tscv,m3_ridge_all,2025-03-01,2025-06-01,-3.4281269233418676,-2.6564982094132468,-0.7716287139286209,1.0,1.0,67,100.0
ex_games_12m_pct,four_country_ridge,3,expanding_ar2_ridge_tscv,m0_ar,2025-04-01,2025-07-01,-2.5534838813574656,-1.563430191976368,-0.9900536893810976,-1.0,1.0,68,
ex_games_12m_pct,four_country_ridge,3,expanding_ar2_ridge_tscv,m3_ridge_all,2025-04-01,2025-07-01,-2.5534838813574656,-2.473802777753461,-0.07968110360400482,-1.0,-1.0,68,100.0
ex_games_12m_pct,four_country_ridge,3,expanding_ar2_ridge_tscv,m0_ar,2025-05-01,2025-08-01,-3.427360329718432,-3.299531547330251,-0.12782878238818096,1.0,1.0,69,
ex_games_12m_pct,four_country_ridge,3,expanding_ar2_ridge_tscv,m3_ridge_all,2025-05-01,2025-08-01,-3.427360329718432,-2.1690718696726288,-1.258288460045803,1.0,1.0,69,100.0
ex_games_12m_pct,four_country_ridge,3,expanding_ar2_ridge_tscv,m0_ar,2025-06-01,2025-09-01,-5.378569541825917,-2.836413870571424,-2.542155671254493,-1.0,1.0,70,
ex_games_12m_pct,four_country_ridge,3,expanding_ar2_ridge_tscv,m3_ridge_all,2025-06-01,2025-09-01,-5.378569541825917,-1.9519424548171802,-3.426627087008737,-1.0,1.0,70,100.0
ex_games_12m_pct,four_country_ridge,3,expanding_ar2_ridge_tscv,m0_ar,2025-07-01,2025-10-01,-4.332443836377308,-2.2901448448207917,-2.0422989915565166,-1.0,1.0,71,
ex_games_12m_pct,four_country_ridge,3,expanding_ar2_ridge_tscv,m3_ridge_all,2025-07-01,2025-10-01,-4.332443836377308,-1.4621220121529905,-2.870321824224318,-1.0,1.0,71,100.0
ex_games_12m_pct,four_country_ridge,3,expanding_ar2_ridge_tscv,m0_ar,2025-08-01,2025-11-01,-0.807393619615937,-2.708035018184204,1.900641398568267,1.0,1.0,72,
ex_games_12m_pct,four_country_ridge,3,expanding_ar2_ridge_tscv,m3_ridge_all,2025-08-01,2025-11-01,-0.807393619615937,-1.979527595019142,1.172133975403205,1.0,1.0,72,100.0
ex_games_12m_pct,four_country_ridge,3,expanding_ar2_ridge_tscv,m0_ar,2025-09-01,2025-12-01,-3.474752726539332,-3.87277891785617,0.39802619131683814,1.0,1.0,73,
ex_games_12m_pct,four_country_ridge,3,expanding_ar2_ridge_tscv,m3_ridge_all,2025-09-01,2025-12-01,-3.474752726539332,-2.8119687085389673,-0.6627840180003646,1.0,1.0,73,100.0
ex_games_12m_pct,four_country_ridge,3,expanding_ar2_ridge_tscv,m0_ar,2025-10-01,2026-01-01,-5.779840482564625,-3.521633744391856,-2.2582067381727686,-1.0,1.0,74,
ex_games_12m_pct,four_country_ridge,3,expanding_ar2_ridge_tscv,m3_ridge_all,2025-10-01,2026-01-01,-5.779840482564625,-2.5671109954906104,-3.2127294870740144,-1.0,1.0,74,316.22776601683796
ex_games_12m_pct,four_country_ridge,3,expanding_ar2_ridge_tscv,m0_ar,2025-11-01,2026-02-01,-4.743747513093455,-1.5291202065171416,-3.214627306576313,-1.0,-1.0,75,
ex_games_12m_pct,four_country_ridge,3,expanding_ar2_ridge_tscv,m3_ridge_all,2025-11-01,2026-02-01,-4.743747513093455,-2.20921694969154,-2.5345305634019146,-1.0,-1.0,75,316.22776601683796
ex_games_12m_pct,four_country_ridge,3,expanding_ar2_ridge_tscv,m0_ar,2025-12-01,2026-03-01,-5.271099706687932,-2.5674004591273802,-2.7036992475605515,-1.0,1.0,76,
ex_games_12m_pct,four_country_ridge,3,expanding_ar2_ridge_tscv,m3_ridge_all,2025-12-01,2026-03-01,-5.271099706687932,-2.460370114653612,-2.8107295920343196,-1.0,1.0,76,100.0
ex_games_12m_pct,four_country_ridge,3,expanding_ar2_ridge_tscv,m0_ar,2026-01-01,2026-04-01,-2.396729226068228,-4.0841184931752705,1.6873892671070427,1.0,1.0,77,
ex_games_12m_pct,four_country_ridge,3,expanding_ar2_ridge_tscv,m3_ridge_all,2026-01-01,2026-04-01,-2.396729226068228,-4.046254582084512,1.6495253560162846,1.0,1.0,77,10.0
ex_games_12m_pct,four_country_ridge,3,expanding_ar2_ridge_tscv,m0_ar,2026-02-01,2026-05-01,-2.6637085177280917,-3.903130378952537,1.2394218612244452,1.0,1.0,78,
ex_games_12m_pct,four_country_ridge,3,expanding_ar2_ridge_tscv,m3_ridge_all,2026-02-01,2026-05-01,-2.6637085177280917,-3.2602850652628743,0.5965765475347826,1.0,1.0,78,316.22776601683796
ex_games_12m_pct,four_country_ridge,3,expanding_ar2_ridge_tscv,m0_ar,2026-03-01,2026-06-01,-0.2218421542170778,-4.0475203697305195,3.8256782155134417,1.0,1.0,79,
ex_games_12m_pct,four_country_ridge,3,expanding_ar2_ridge_tscv,m3_ridge_all,2026-03-01,2026-06-01,-0.2218421542170778,-4.35781779410625,4.135975639889172,1.0,1.0,79,100.0
