date,uk_ipi_manufactures,uk_ipi_c26,uk_ipi_c26_noneu,uk_ipi_c261,uk_ipi_c261_noneu,uk_ipi_c262,uk_ipi_c262_noneu,uk_ipi_manufactures_1m_pct,uk_ipi_manufactures_12m_pct,uk_ipi_c26_1m_pct,uk_ipi_c26_12m_pct,uk_ipi_c26_noneu_1m_pct,uk_ipi_c26_noneu_12m_pct,uk_ipi_c261_1m_pct,uk_ipi_c261_12m_pct,uk_ipi_c261_noneu_1m_pct,uk_ipi_c261_noneu_12m_pct,uk_ipi_c262_1m_pct,uk_ipi_c262_12m_pct,uk_ipi_c262_noneu_1m_pct,uk_ipi_c262_noneu_12m_pct
1996-01-01,,,161.4,,,,,,,,,,,,,,,,,,
1996-02-01,,,160.6,,,,,,,,,-0.495662949194553,,,,,,,,,
1996-03-01,,,160.3,,,,,,,,,-0.18679950186798466,,,,,,,,,
1996-04-01,,,161.6,,,,,,,,,0.8109794135994886,,,,,,,,,
1996-05-01,,,161.6,,,,,,,,,0.0,,,,,,,,,
1996-06-01,,,158.2,,,,,,,,,-2.103960396039606,,,,,,,,,
1996-07-01,,,153.8,,,,,,,,,-2.7812895069532106,,,,,,,,,
1996-08-01,,,149.3,,,,,,,,,-2.925877763328999,,,,,,,,,
1996-09-01,,,147.7,,,,,,,,,-1.0716677829872845,,,,,,,,,
1996-10-01,,,147.4,,,,,,,,,-0.20311442112388445,,,,,,,,,
1996-11-01,,,142.9,,,,,,,,,-3.0529172320217124,,,,,,,,,
1996-12-01,,,142.5,,,,,,,,,-0.2799160251924504,,,,,,,,,
1997-01-01,,,140.0,,,,,,,,,-1.7543859649122862,-13.258983890954157,,,,,,,,
1997-02-01,,,140.5,,,,,,,,,0.3571428571428559,-12.51556662515566,,,,,,,,
1997-03-01,,,139.9,,,,,,,,,-0.4270462633451877,-12.72613849033063,,,,,,,,
1997-04-01,,,137.8,,,,,,,,,-1.5010721944245797,-14.727722772277218,,,,,,,,
1997-05-01,,,135.9,,,,,,,,,-1.3788098693759077,-15.90346534653465,,,,,,,,
1997-06-01,,,135.1,,,,,,,,,-0.5886681383370229,-14.601769911504425,,,,,,,,
1997-07-01,,,132.8,,,,,,,,,-1.7024426350851107,-13.654096228868662,,,,,,,,
1997-08-01,,,135.4,,,,,,,,,1.957831325301207,-9.310113864701941,,,,,,,,
1997-09-01,,,135.5,,,,,,,,,0.07385524372229835,-8.259986459038583,,,,,,,,
1997-10-01,,,133.4,,,,,,,,,-1.5498154981549828,-9.497964721845321,,,,,,,,
1997-11-01,,,128.9,,,,,,,,,-3.3733133433283324,-9.797060881735476,,,,,,,,
1997-12-01,,,128.0,,,,,,,,,-0.6982156710628407,-10.175438596491226,,,,,,,,
1998-01-01,,,123.4,,,,,,,,,-3.5937499999999956,-11.857142857142854,,,,,,,,
1998-02-01,,,122.3,,,,,,,,,-0.8914100486223764,-12.95373665480427,,,,,,,,
1998-03-01,,,119.1,,,,,,,,,-2.6165167620605057,-14.867762687634034,,,,,,,,
1998-04-01,,,118.3,,,,,,,,,-0.6717044500419767,-14.150943396226424,,,,,,,,
1998-05-01,,,118.8,,,,,,,,,0.4226542688081203,-12.58278145695365,,,,,,,,
1998-06-01,,,116.2,,,,,,,,,-2.188552188552184,-13.989637305699476,,,,,,,,
1998-07-01,,,114.2,,,,,,,,,-1.721170395869187,-14.00602409638555,,,,,,,,
1998-08-01,,,113.8,,,,,,,,,-0.350262697022774,-15.95273264401773,,,,,,,,
1998-09-01,,,114.3,,,,,,,,,0.4393673110720586,-15.645756457564575,,,,,,,,
1998-10-01,,,114.9,,,,,,,,,0.5249343832021136,-13.868065967016497,,,,,,,,
1998-11-01,,,115.6,,,,,,,,,0.6092254134029584,-10.318076027928635,,,,,,,,
1998-12-01,,,115.5,,,,,,,,,-0.08650519031141446,-9.765625,,,,,,,,
1999-01-01,,,116.3,,,,,,,,,0.6926406926407003,-5.753646677471647,,,,,,,,
1999-02-01,,,117.0,,,,,,,,,0.6018916595012858,-4.333605887162717,,,,,,,,
1999-03-01,,,116.7,,,,,,,,,-0.2564102564102555,-2.015113350125941,,,,,,,,
1999-04-01,,,116.7,,,,,,,,,0.0,-1.3524936601859605,,,,,,,,
1999-05-01,,,115.7,,,,,,,,,-0.8568980291345341,-2.609427609427606,,,,,,,,
1999-06-01,,,116.5,,,,,,,,,0.6914433880726101,0.2581755593803692,,,,,,,,
1999-07-01,,,117.4,,,,,,,,,0.7725321888412129,2.8021015761821477,,,,,,,,
1999-08-01,,,118.0,,,,,,,,,0.5110732538330387,3.690685413005279,,,,,,,,
1999-09-01,,,117.7,,,,,,,,,-0.25423728813559476,2.974628171478577,,,,,,,,
1999-10-01,,,115.4,,,,,,,,,-1.954120645709423,0.4351610095735481,,,,,,,,
1999-11-01,,,115.3,,,,,,,,,-0.08665511265165682,-0.2595155709342545,,,,,,,,
1999-12-01,,,115.8,,,,,,,,,0.43365134431916363,0.2597402597402487,,,,,,,,
2000-01-01,,,113.0,,,,,,,,,-2.4179620034542326,-2.837489251934644,,,,,,,,
2000-02-01,,,114.7,,,,,,,,,1.504424778761071,-1.9658119658119588,,,,,,,,
2000-03-01,,,114.9,,,,,,,,,0.17436791630340842,-1.5424164524421524,,,,,,,,
2000-04-01,,,114.6,,,,,,,,,-0.26109660574413773,-1.799485861182526,,,,,,,,
2000-05-01,,,116.6,,,,,,,,,1.7452006980802848,0.7778738115816752,,,,,,,,
2000-06-01,,,118.5,,,,,,,,,1.6295025728988,1.716738197424883,,,,,,,,
2000-07-01,,,118.0,,,,,,,,,-0.42194092827003704,0.5110732538330387,,,,,,,,
2000-08-01,,,118.8,,,,,,,,,0.6779661016949046,0.6779661016949046,,,,,,,,
2000-09-01,,,122.6,,,,,,,,,3.1986531986532007,4.1631265930331285,,,,,,,,
2000-10-01,,,120.1,,,,,,,,,-2.0391517128874437,4.072790294627371,,,,,,,,
2000-11-01,,,121.2,,,,,,,,,0.915903413821817,5.117085862966175,,,,,,,,
2000-12-01,,,118.6,,,,,,,,,-2.1452145214521545,2.4179620034542326,,,,,,,,
2001-01-01,,,117.3,,,,,,,,,-1.0961214165261413,3.8053097345132736,,,,,,,,
2001-02-01,,,118.7,,,,,,,,,1.193520886615529,3.487358326068013,,,,,,,,
2001-03-01,,,118.5,,,,,,,,,-0.16849199663016012,3.1331592689294974,,,,,,,,
2001-04-01,,,118.3,,,,,,,,,-0.16877637130802148,3.228621291448519,,,,,,,,
2001-05-01,,,118.4,,,,,,,,,0.08453085376163294,1.543739279588352,,,,,,,,
2001-06-01,,,119.1,,,,,,,,,0.591216216216206,0.5063291139240533,,,,,,,,
2001-07-01,,,117.7,,,,,,,,,-1.1754827875734564,-0.25423728813559476,,,,,,,,
2001-08-01,,,108.8,,,,,,,,,-7.561597281223453,-8.417508417508412,,,,,,,,
2001-09-01,,,107.3,,,,,,,,,-1.378676470588236,-12.479608482871118,,,,,,,,
2001-10-01,,,105.3,,,,,,,,,-1.8639328984156545,-12.323064113238969,,,,,,,,
2001-11-01,,,104.7,,,,,,,,,-0.5698005698005604,-13.613861386138614,,,,,,,,
2001-12-01,,,98.3,,,,,,,,,-6.112702960840499,-17.116357504215852,,,,,,,,
2002-01-01,,,100.5,,,,,,,,,2.238046795523907,-14.32225063938619,,,,,,,,
2002-02-01,,,100.7,,,,,,,,,0.19900497512437276,-15.164279696714411,,,,,,,,
2002-03-01,,,103.4,,,,,,,,,2.6812313803376453,-12.742616033755272,,,,,,,,
2002-04-01,,,102.1,,,,,,,,,-1.2572533849129708,-13.693998309382927,,,,,,,,
2002-05-01,,,97.1,,,,,,,,,-4.897159647404504,-17.98986486486487,,,,,,,,
2002-06-01,,,96.7,,,,,,,,,-0.4119464469618861,-18.80772460117548,,,,,,,,
2002-07-01,,,92.5,,,,,,,,,-4.343329886246128,-21.41036533559898,,,,,,,,
2002-08-01,,,92.0,,,,,,,,,-0.540540540540535,-15.441176470588236,,,,,,,,
2002-09-01,,,90.9,,,,,,,,,-1.1956521739130421,-15.284249767008385,,,,,,,,
2002-10-01,,,91.5,,,,,,,,,0.6600660066006458,-13.1054131054131,,,,,,,,
2002-11-01,,,92.1,,,,,,,,,0.6557377049180246,-12.034383954154737,,,,,,,,
2002-12-01,,,90.6,,,,,,,,,-1.6286644951140072,-7.833163784333674,,,,,,,,
2003-01-01,,,87.0,,,,,,,,,-3.9735099337748325,-13.432835820895528,,,,,,,,
2003-02-01,,,84.0,,,,,,,,,-3.4482758620689613,-16.583912611717977,,,,,,,,
2003-03-01,,,86.2,,,,,,,,,2.619047619047632,-16.634429400386853,,,,,,,,
2003-04-01,,,85.7,,,,,,,,,-0.5800464037122977,-16.062683643486775,,,,,,,,
2003-05-01,,,84.0,,,,,,,,,-1.9836639439906656,-13.491246138002055,,,,,,,,
2003-06-01,,,84.6,,,,,,,,,0.7142857142857117,-12.512926577042405,,,,,,,,
2003-07-01,,,85.8,,,,,,,,,1.4184397163120588,-7.243243243243247,,,,,,,,
2003-08-01,,,86.6,,,,,,,,,0.932400932400923,-5.869565217391315,,,,,,,,
2003-09-01,,,86.3,,,,,,,,,-0.34642032332563577,-5.060506050605074,,,,,,,,
2003-10-01,,,84.3,,,,,,,,,-2.3174971031286185,-7.868852459016395,,,,,,,,
2003-11-01,,,83.8,,,,,,,,,-0.5931198102016588,-9.01194353963083,,,,,,,,
2003-12-01,,,82.0,,,,,,,,,-2.1479713603818618,-9.49227373068432,,,,,,,,
2004-01-01,,,77.5,,,,,,,,,-5.487804878048785,-10.919540229885062,,,,,,,,
2004-02-01,,,76.2,,,,,,,,,-1.677419354838705,-9.285714285714286,,,,,,,,
2004-03-01,,,80.3,,,,,,,,,5.38057742782152,-6.844547563805115,,,,,,,,
2004-04-01,,,80.6,,,,,,,,,0.37359900373599153,-5.950991831972008,,,,,,,,
2004-05-01,,,82.2,,,,,,,,,1.985111662531036,-2.1428571428571352,,,,,,,,
2004-06-01,,,80.7,,,,,,,,,-1.8248175182481785,-4.609929078014174,,,,,,,,
2004-07-01,,,79.2,,,,,,,,,-1.8587360594795488,-7.692307692307687,,,,,,,,
2004-08-01,,,80.1,,,,,,,,,1.1363636363636243,-7.505773672055427,,,,,,,,
2004-09-01,,,80.2,,,,,,,,,0.12484394506866447,-7.068366164542283,,,,,,,,
2004-10-01,,,79.8,,,,,,,,,-0.4987531172069848,-5.338078291814952,,,,,,,,
2004-11-01,,,77.9,,,,,,,,,-2.3809523809523725,-7.040572792362754,,,,,,,,
2004-12-01,,,75.1,,,,,,,,,-3.59435173299103,-8.41463414634147,,,,,,,,
2005-01-01,,,76.3,,,,,,,,,1.5978695073235683,-1.5483870967741953,,,,,,,,
2005-02-01,,,75.8,,,,,,,,,-0.6553079947575369,-0.5249343832021025,,,,,,,,
2005-03-01,,,75.3,,,,,,,,,-0.6596306068601621,-6.226650062266503,,,,,,,,
2005-04-01,,,75.4,,,,,,,,,0.13280212483401943,-6.45161290322579,,,,,,,,
2005-05-01,,,76.7,,,,,,,,,1.724137931034475,-6.690997566909973,,,,,,,,
2005-06-01,,,77.8,,,,,,,,,1.4341590612777066,-3.5935563816604787,,,,,,,,
2005-07-01,,,80.2,,,,,,,,,3.084832904884327,1.262626262626254,,,,,,,,
2005-08-01,,,78.4,,,,,,,,,-2.244389027431415,-2.122347066167274,,,,,,,,
2005-09-01,,,77.8,,,,,,,,,-0.7653061224489943,-2.9925187032418976,,,,,,,,
2005-10-01,,,77.6,,,,,,,,,-0.25706940874036244,-2.7568922305764465,,,,,,,,
2005-11-01,,,78.4,,,,,,,,,1.030927835051565,0.6418485237484006,,,,,,,,
2005-12-01,,,77.8,,,,,,,,,-0.7653061224489943,3.595206391478034,,,,,,,,
2006-01-01,,,77.5,,,,,,,,,-0.3856041131105381,1.572739187418093,,,,,,,,
2006-02-01,,,77.9,,,,,,,,,0.5161290322580614,2.770448548812676,,,,,,,,
2006-03-01,,,78.3,,,,,,,,,0.5134788189987027,3.984063745019917,,,,,,,,
2006-04-01,,,77.9,,,,,,,,,-0.5108556832694622,3.3156498673740042,,,,,,,,
2006-05-01,,,75.2,,,,,,,,,-3.4659820282413434,-1.9556714471968717,,,,,,,,
2006-06-01,,,75.8,,,,,,,,,0.7978723404255206,-2.570694087403602,,,,,,,,
2006-07-01,,,76.0,,,,,,,,,0.26385224274407815,-5.236907730673323,,,,,,,,
2006-08-01,,,72.7,,,,,,,,,-4.342105263157892,-7.270408163265307,,,,,,,,
2006-09-01,,,73.2,,,,,,,,,0.687757909215958,-5.912596401028269,,,,,,,,
2006-10-01,,,74.8,,,,,,,,,2.1857923497267784,-3.6082474226804107,,,,,,,,
2006-11-01,,,74.1,,,,,,,,,-0.9358288770053513,-5.484693877551039,,,,,,,,
2006-12-01,,,72.9,,,,,,,,,-1.6194331983805488,-6.2982005141388075,,,,,,,,
2007-01-01,,,73.4,,,,,,,,,0.6858710562414272,-5.290322580645157,,,,,,,,
2007-02-01,,,73.5,,,,,,,,,0.13623978201633413,-5.6482670089858855,,,,,,,,
2007-03-01,,,72.7,,,,,,,,,-1.0884353741496544,-7.15197956577266,,,,,,,,
2007-04-01,,,70.7,,,,,,,,,-2.751031636863821,-9.242618741976894,,,,,,,,
2007-05-01,,,70.8,,,,,,,,,0.14144271570013522,-5.85106382978724,,,,,,,,
2007-06-01,,,70.1,,,,,,,,,-0.9887005649717562,-7.519788918205805,,,,,,,,
2007-07-01,,,68.9,,,,,,,,,-1.7118402282453427,-9.342105263157885,,,,,,,,
2007-08-01,,,70.0,,,,,,,,,1.5965166908562978,-3.7138927097661645,,,,,,,,
2007-09-01,,,69.6,,,,,,,,,-0.5714285714285783,-4.918032786885263,,,,,,,,
2007-10-01,,,69.3,,,,,,,,,-0.4310344827586188,-7.352941176470584,,,,,,,,
2007-11-01,,,68.7,,,,,,,,,-0.8658008658008587,-7.287449392712542,,,,,,,,
2007-12-01,,,70.8,,,,,,,,,3.056768558951961,-2.880658436214001,,,,,,,,
2008-01-01,,,72.1,,,,,,,,,1.836158192090398,-1.7711171662125547,,,,,,,,
2008-02-01,,,72.3,,,,,,,,,0.277392510402219,-1.6326530612244983,,,,,,,,
2008-03-01,,,72.0,,,,,,,,,-0.4149377593360981,-0.9628610729023435,,,,,,,,
2008-04-01,,,72.4,,,,,,,,,0.5555555555555536,2.40452616690241,,,,,,,,
2008-05-01,,,72.7,,,,,,,,,0.4143646408839796,2.68361581920904,,,,,,,,
2008-06-01,,,72.5,,,,,,,,,-0.27510316368638543,3.4236804564907297,,,,,,,,
2008-07-01,,,72.2,,,,,,,,,-0.4137931034482678,4.789550072568938,,,,,,,,
2008-08-01,,,74.3,,,,,,,,,2.908587257617712,6.142857142857139,,,,,,,,
2008-09-01,,,76.7,,,,,,,,,3.2301480484522305,10.201149425287358,,,,,,,,
2008-10-01,,,80.8,,,,,,,,,5.34550195567145,16.594516594516605,,,,,,,,
2008-11-01,,,83.4,,,,,,,,,3.2178217821782207,21.39737991266375,,,,,,,,
2008-12-01,97.1,92.7,83.8,97.3,102.3,79.9,55.1,,,,,0.47961630695443347,18.36158192090396,,,,,,,,
2009-01-01,98.5,93.3,84.4,98.9,104.9,79.3,53.2,1.4418125643666402,,0.6472491909385036,,0.7159904534606243,17.059639389736493,1.6443987667009274,,2.5415444770283457,,-0.7509386733416834,,-3.4482758620689613,
2009-02-01,97.5,93.1,84.4,97.9,104.7,79.4,53.3,-1.0152284263959421,,-0.2143622722400873,,0.0,16.735822959889358,-1.0111223458038388,,-0.19065776930410339,,0.12610340479193294,,0.1879699248120259,
2009-03-01,98.6,95.3,87.3,99.5,105.5,80.2,54.2,1.1282051282051286,,2.3630504833512367,,3.4360189573459543,21.249999999999993,1.6343207354443168,,0.764087870105068,,1.0075566750629594,,1.6885553470919357,
2009-04-01,96.9,94.9,87.6,96.6,102.1,82.4,60.0,-1.724137931034475,,-0.41972717733472775,,0.3436426116838476,20.994475138121537,-2.9145728643216184,,-3.2227488151658767,,2.7431421446383997,,10.7011070110701,
2009-05-01,96.2,93.5,87.8,95.5,100.6,81.3,64.6,-0.7223942208462342,,-1.475237091675452,,0.22831050228311334,20.770288858321862,-1.1387163561076497,,-1.4691478942213565,,-1.3349514563106846,,7.666666666666666,
2009-06-01,93.9,90.7,84.2,92.3,97.1,77.6,61.3,-2.3908523908523827,,-2.9946524064171087,,-4.100227790432798,16.137931034482754,-3.350785340314144,,-3.479125248508952,,-4.5510455104551095,,-5.108359133126927,
2009-07-01,93.8,89.8,84.5,92.9,97.9,78.2,62.4,-0.10649627263046302,,-0.9922822491731043,,0.3562945368170922,17.036011080332415,0.650054171180936,,0.8238928939237944,,0.7731958762886793,,1.794453507340954,
2009-08-01,94.0,89.4,84.1,92.2,97.6,77.8,61.6,0.2132196162046851,,-0.44543429844097204,,-0.4733727810650956,13.189771197846568,-0.753498385360607,,-0.3064351378958219,,-0.5115089514066584,,-1.2820512820512775,
2009-09-01,95.8,90.6,86.2,95.0,100.8,78.6,62.4,1.9148936170212627,,1.342281879194629,,2.497027348394787,12.385919165580184,3.0368763557483636,,3.2786885245901676,,1.0282776349614275,,1.298701298701288,
2009-10-01,96.5,89.6,86.0,96.5,102.0,78.6,62.7,0.7306889352818313,,-1.103752759381893,,-0.23201856148492572,6.435643564356441,1.5789473684210575,,1.1904761904761862,,0.0,,0.48076923076922906,
2009-11-01,96.0,88.5,84.7,95.1,100.6,77.4,61.5,-0.5181347150259086,,-1.2276785714285698,,-1.5116279069767424,1.5587529976019088,-1.4507772020725396,,-1.3725490196078494,,-1.5267175572518887,,-1.9138755980861344,
2009-12-01,96.6,89.4,86.2,95.9,102.1,78.7,63.0,0.6249999999999867,-0.5149330587023715,1.016949152542379,-3.5598705501618144,1.7709563164108655,2.863961813842497,0.8412197686645806,-1.4388489208633004,1.491053677932408,-0.19550342130987275,1.6795865633074891,-1.5018773466833557,2.4390243902439046,14.337568058076222
2010-01-01,96.1,88.9,85.4,94.2,100.1,78.6,63.0,-0.5175983436852993,-2.4365482233502544,-0.5592841163310935,-4.715969989281876,-0.9280742459396696,1.1848341232227444,-1.7726798748696537,-4.752275025278063,-1.9588638589618013,-4.5757864632983924,-0.12706480304957024,-0.8827238335435084,0.0,18.421052631578938
2010-02-01,97.1,89.3,86.9,94.6,101.0,80.1,64.4,1.0405827263267442,-0.41025641025641546,0.4499437570303577,-4.081632653061218,1.7564402810304358,2.962085308056861,0.424628450106157,-3.370786516853941,0.899100899100902,-3.53390639923592,1.9083969465648831,0.881612090680095,2.2222222222222365,20.825515947467178
2010-03-01,99.2,90.7,88.6,97.2,104.0,81.2,64.9,2.162718846549949,0.6085192697768749,1.5677491601343796,-4.826862539349419,1.9562715765247374,1.4891179839633395,2.748414376321362,-2.311557788944718,2.970297029702973,-1.4218009478673022,1.3732833957553092,1.2468827930174564,0.7763975155279601,19.74169741697418
2010-04-01,98.9,89.9,87.7,94.6,101.1,80.7,65.4,-0.3024193548387122,2.063983488132104,-0.8820286659316445,-5.268703898840887,-1.0158013544018019,0.11415525114155667,-2.6748971193415683,-2.0703933747411973,-2.7884615384615397,-0.9794319294809006,-0.6157635467980316,-2.0631067961165095,0.7704160246533087,9.000000000000007
2010-05-01,99.8,91.2,89.6,93.8,100.2,82.9,67.4,0.9100101112234471,3.7422037422037313,1.4460511679643906,-2.4598930481283365,2.1664766248574496,2.0501138952163878,-0.8456659619450302,-1.7801047120418856,-0.8902077151335175,-0.3976143141153021,2.7261462205700138,1.9680196801968197,3.0581039755351647,4.334365325077427
2010-06-01,99.2,91.5,91.2,93.8,102.2,85.3,72.8,-0.6012024048096087,5.6443024494142735,0.3289473684210398,0.8820286659316334,1.7857142857143016,8.313539192399055,0.0,1.625135427952329,1.9960079840319445,5.252317198764178,2.8950542822677727,9.922680412371143,8.011869436201756,18.760195758564446
2010-07-01,99.2,90.4,89.5,93.6,101.5,83.2,70.7,0.0,5.756929637526653,-1.2021857923497192,0.6681514476614803,-1.8640350877193068,5.9171597633136175,-0.2132196162046962,0.7534983853605848,-0.6849315068493178,3.6772216547497294,-2.461899179366933,6.39386189258313,-2.8846153846153744,13.301282051282048
2010-08-01,98.8,89.1,87.7,90.6,96.7,81.8,69.3,-0.40322580645162365,5.106382978723412,-1.4380530973451489,-0.3355704697986739,-2.01117318435754,4.280618311533901,-3.205128205128205,-1.7353579175705125,-4.729064039408859,-0.9221311475409721,-1.6826923076923128,5.141388174807204,-1.980198019801993,12.5
2010-09-01,99.7,89.1,87.3,90.7,95.9,82.1,69.8,0.9109311740890691,4.070981210855962,0.0,-1.655629139072845,-0.45610034207526073,1.2761020881670415,0.11037527593820151,-4.526315789473678,-0.8273009307135482,-4.861111111111105,0.3667481662591676,4.452926208651409,0.721500721500723,11.858974358974361
2010-10-01,100.8,89.2,86.9,91.2,95.0,81.1,68.9,1.1033099297893534,4.455958549222805,0.11223344556678949,-0.44642857142855874,-0.45819014891178567,1.0465116279069875,0.5512679162072764,-5.492227979274611,-0.9384775808133572,-6.8627450980392135,-1.218026796589522,3.180661577608146,-1.2893982808022786,9.888357256778324
2010-11-01,100.6,88.1,86.2,89.9,94.1,81.3,69.4,-0.1984126984126977,4.791666666666661,-1.2331838565022513,-0.4519774011299549,-0.8055235903337232,1.7709563164108655,-1.4254385964912242,-5.467928496319652,-0.9473684210526412,-6.461232604373757,0.2466091245376223,5.038759689922467,0.7256894049346929,12.845528455284573
2010-12-01,101.3,88.6,87.2,90.4,95.2,82.2,70.3,0.6958250497017815,4.865424430641818,0.567536889897835,-0.8948545861297674,1.1600928074245953,1.1600928074245953,0.5561735261401468,-5.735140771637126,1.1689691817215797,-6.758080313418214,1.1070110701107083,4.447268106734437,1.2968299711815456,11.58730158730159
2011-01-01,101.8,87.1,85.7,89.9,94.5,81.5,69.6,0.49358341559724295,5.93132154006244,-1.6930022573363401,-2.0247469066366874,-1.7201834862385357,0.3512880562060783,-0.553097345132747,-4.564755838641188,-0.7352941176470673,-5.594405594405593,-0.8515815085158196,3.689567430025442,-0.9957325746799417,10.47619047619046
2011-02-01,101.8,84.7,82.8,88.5,92.1,80.5,68.0,0.0,4.840370751802259,-2.7554535017221493,-5.15117581187009,-3.3838973162193753,-4.7180667433832095,-1.5572858731924377,-6.448202959830862,-2.5396825396825418,-8.81188118811882,-1.2269938650306789,0.4993757802746579,-2.298850574712641,5.590062111801242
2011-03-01,102.8,85.6,83.1,90.9,95.4,78.1,64.8,0.982318271119853,3.629032258064502,1.0625737898465104,-5.622932745314236,0.36231884057971175,-6.2076749435665874,2.7118644067796627,-6.481481481481477,3.583061889250816,-8.269230769230763,-2.9813664596273326,-3.817733990147798,-4.705882352941182,-0.1540832049306773
2011-04-01,103.7,85.6,82.6,90.7,94.2,77.7,64.4,0.8754863813229541,4.853387259858444,0.0,-4.783092324805349,-0.6016847172081841,-5.8152793614595355,-0.22002200220022639,-4.122621564482021,-1.2578616352201255,-6.824925816023731,-0.5121638924455718,-3.7174721189591087,-0.6172839506172756,-1.5290519877675823
2011-05-01,104.1,85.9,82.9,91.0,95.1,78.0,64.5,0.38572806171648377,4.308617234468937,0.3504672897196359,-5.811403508771928,0.3631961259080052,-7.477678571428559,0.330760749724357,-2.985074626865669,0.9554140127388422,-5.0898203592814495,0.38610038610038533,-5.9107358262967535,0.15527950310558758,-4.30267062314541
2011-06-01,104.9,86.2,83.5,92.1,96.5,78.2,64.9,0.7684918347742764,5.745967741935476,0.34924330616996624,-5.792349726775958,0.7237635705669376,-8.442982456140358,1.2087912087912045,-1.8123667377398789,1.4721345951629994,-5.57729941291586,0.2564102564102555,-8.323563892145359,0.6201550387596955,-10.851648351648336
2011-07-01,105.9,86.6,84.3,92.5,97.2,78.8,65.4,0.9532888465205058,6.754032258064524,0.46403712296982924,-4.203539823008862,0.9580838323353325,-5.810055865921793,0.43431053203040193,-1.175213675213671,0.7253886010362809,-4.236453201970436,0.7672634271099765,-5.288461538461542,0.7704160246533087,-7.496463932107488
2011-08-01,105.5,85.9,83.5,91.7,96.5,78.2,64.8,-0.37771482530689626,6.781376518218618,-0.8083140877597983,-3.5914702581369085,-0.9489916963226541,-4.789053591790193,-0.8648648648648671,1.2141280353201056,-0.7201646090534974,-0.20682523267838704,-0.761421319796951,-4.400977995110022,-0.9174311926605672,-6.493506493506496
2011-09-01,106.3,86.7,84.8,92.4,97.7,79.4,66.0,0.7582938388625671,6.619859578736209,0.93131548311991,-2.6936026936026813,1.556886227544907,-2.863688430698741,0.7633587786259666,1.8743109151047488,1.2435233160621895,1.8769551616266922,1.534526854219953,-3.2886723507916993,1.85185185185186,-5.444126074498568
2011-10-01,105.8,86.7,85.4,92.6,98.2,77.0,65.5,-0.470366886171214,4.960317460317465,0.0,-2.802690582959644,0.70754716981134,-1.7261219792865323,0.21645021645020357,1.5350877192982448,0.5117707267144223,3.368421052631576,-3.0226700251889227,-5.055487053020958,-0.7575757575757569,-4.934687953555883
2011-11-01,105.2,86.3,85.1,91.9,97.9,76.9,65.2,-0.5671077504725841,4.572564612326047,-0.46136101499424376,-2.0431328036322305,-0.3512880562061005,-1.2761020881670637,-0.7559395248380008,2.2246941045606317,-0.3054989816700604,4.0382571732199946,-0.12987012987012436,-5.412054120541199,-0.45801526717557106,-6.051873198847268
2011-12-01,104.8,87.2,87.8,93.0,100.5,79.7,70.3,-0.38022813688213253,3.455083909180656,1.0428736964078755,-1.5801354401805745,3.1727379553466495,0.6880733944954143,1.196953210010876,2.8761061946902533,2.655771195097034,5.567226890756305,3.6410923276983143,-3.041362530413627,7.82208588957054,0.0
2012-01-01,104.7,88.0,88.0,92.7,100.7,82.4,70.5,-0.0954198473282375,2.8487229862475427,0.917431192660545,1.0332950631458226,0.2277904328018332,2.683780630105015,-0.3225806451612856,3.1145717463848754,0.19900497512437276,6.560846560846567,3.387703889585958,1.1042944785276232,0.2844950213371389,1.2931034482758674
2012-02-01,105.0,87.2,87.2,92.1,99.1,82.4,70.4,0.2865329512893977,3.143418467583503,-0.9090909090909038,2.951593860684776,-0.9090909090909038,5.31400966183575,-0.6472491909385258,4.067796610169494,-1.588877855014903,7.600434310532034,0.0,2.360248447204971,-0.14184397163119478,3.529411764705892
2012-03-01,104.8,87.1,87.1,92.0,99.0,82.5,70.6,-0.19047619047619646,1.9455252918287869,-0.11467889908257645,1.7523364485981352,-0.11467889908257645,4.8134777376654725,-0.10857763300758938,1.2101210121012063,-0.10090817356205317,3.7735849056603765,0.12135922330096527,5.633802816901423,0.28409090909089496,8.950617283950614
2012-04-01,103.9,86.5,86.6,91.0,98.0,82.5,70.6,-0.858778625954193,0.192864030858253,-0.6888633754305373,1.0514018691588856,-0.574052812858783,4.842615012106544,-1.0869565217391353,0.330760749724357,-1.0101010101010055,4.033970276008492,0.0,6.177606177606165,0.0,9.627329192546563
2012-05-01,103.5,87.2,86.5,90.1,96.7,82.5,70.5,-0.38498556304139564,-0.5763688760806907,0.8092485549132888,1.5133876600698537,-0.11547344110853786,4.342581423401692,-0.9890109890109966,-0.9890109890109966,-1.3265306122448917,1.682439537329139,0.0,5.769230769230771,-0.14164305949008194,9.302325581395344
2012-06-01,104.2,88.2,87.8,91.4,98.9,82.7,70.7,0.6763285024154575,-0.6673021925643452,1.1467889908256979,2.3201856148491906,1.5028901734104094,5.149700598802398,1.4428412874583962,-0.7600434310531923,2.2750775594622574,2.4870466321243567,0.24242424242424399,5.754475703324813,0.28368794326241176,8.936825885978417
2012-07-01,103.5,88.4,87.5,97.0,98.6,82.6,70.7,-0.6717850287907945,-2.2662889518413665,0.22675736961450532,2.0785219399538146,-0.3416856492027276,3.7959667852906387,6.126914660831506,4.86486486486486,-0.30333670374116384,1.4403292181069949,-0.12091898428053804,4.822335025380697,0.0,8.103975535168196
2012-08-01,103.5,88.2,87.2,96.5,97.9,82.6,70.7,0.0,-1.8957345971563955,-0.2262443438914019,2.677532013969719,-0.34285714285714475,4.431137724550904,-0.5154639175257714,5.234460196292257,-0.7099391480730133,1.4507772020725396,0.0,5.626598465473132,0.0,9.104938271604945
2012-09-01,103.2,85.9,86.2,95.4,95.6,77.6,70.5,-0.28985507246376274,-2.9162746942615225,-2.607709750566889,-0.9227220299884653,-1.1467889908256867,1.650943396226423,-1.1398963730569922,3.2467532467532534,-2.3493360572012345,-2.14943705220062,-6.0532687651331685,-2.267002518891703,-0.28288543140028155,6.818181818181812
2012-10-01,103.8,86.2,86.6,95.9,95.9,78.0,71.1,0.5813953488372103,-1.8903591682419618,0.34924330616996624,-0.5767012687427964,0.46403712296982924,1.4051522248243353,0.524109014675056,3.5637149028077797,0.313807531380772,-2.3421588594704668,0.5154639175257714,1.298701298701288,0.8510638297872353,8.549618320610675
2012-11-01,104.1,86.8,86.8,96.3,96.6,78.0,71.1,0.28901734104045396,-1.0456273764258617,0.6960556844547439,0.5793742757821629,0.23094688221709792,1.9976498237367801,0.4171011470281538,4.787812840043526,0.7299270072992581,-1.3278855975485282,0.0,1.4304291287386084,0.0,9.049079754601209
2012-12-01,103.7,86.2,85.7,95.9,95.4,77.0,69.5,-0.384245917387116,-1.049618320610679,-0.6912442396313279,-1.1467889908256867,-1.2672811059907807,-2.3917995444191265,-0.41536863966770143,3.1182795698924792,-1.2422360248447117,-5.074626865671639,-1.2820512820512775,-3.387703889585947,-2.250351617440216,-1.1379800853485
2013-01-01,104.9,86.5,85.8,97.2,95.5,76.5,69.1,1.1571841851494735,0.19102196752627254,0.34802784222738303,-1.7045454545454586,0.1166861143523823,-2.500000000000002,1.3555787278414888,4.854368932038833,0.10482180293500676,-5.163853028798416,-0.649350649350644,-7.160194174757284,-0.575539568345329,-1.9858156028368823
2013-02-01,106.7,87.9,87.3,100.0,98.1,76.6,69.3,1.7159199237368972,1.619047619047631,1.6184971098266,0.8027522935779796,1.7482517482517501,0.11467889908256534,2.8806584362139898,8.577633007600438,2.7225130890052407,-1.0090817356205872,0.13071895424836555,-7.038834951456319,0.28943560057888007,-1.562500000000011
2013-03-01,106.7,88.4,87.8,101.3,100.6,76.8,69.6,0.0,1.8129770992366456,0.5688282138794021,1.4925373134328401,0.572737686139746,0.8036739380022917,1.29999999999999,10.108695652173916,2.548419979612637,1.6161616161616044,0.26109660574413773,-6.909090909090909,0.43290043290042934,-1.4164305949008527
2013-04-01,106.0,87.8,87.2,100.1,99.2,76.7,69.4,-0.6560449859418949,2.02117420596728,-0.6787330316742168,1.5028901734104094,-0.6833712984054552,0.6928406466512715,-1.184600197433372,9.999999999999986,-1.391650099403574,1.2244897959183598,-0.13020833333332593,-7.030303030303031,-0.2873563218390607,-1.6997167138810054
2013-05-01,105.5,87.7,87.2,98.4,99.2,76.9,69.7,-0.4716981132075526,1.9323671497584627,-0.1138952164009055,0.5733944954128489,0.0,0.8092485549132888,-1.6983016983016852,9.211986681465056,0.0,2.585315408479838,0.26075619295957697,-6.7878787878787765,0.4322766570605152,-1.134751773049636
2013-06-01,105.1,87.4,87.0,98.8,98.2,77.0,69.8,-0.37914691943128354,0.8637236084452882,-0.34207525655644,-0.9070294784580435,-0.2293577981651418,-0.9111617312072884,0.40650406504063596,8.09628008752734,-1.008064516129037,-0.7077856420626971,0.13003901170349774,-6.892382103990324,0.1434720229555264,-1.2729844413012836
2013-07-01,105.7,87.8,87.2,100.3,99.8,76.9,69.7,0.570884871550903,2.1256038647343045,0.4576659038901587,-0.6787330316742168,0.22988505747125743,-0.34285714285714475,1.5182186234817818,3.402061855670091,1.6293279022403295,1.2170385395537497,-0.12987012987012436,-6.9007263922518,-0.14326647564468775,-1.4144271570014189
2013-08-01,104.6,87.0,86.2,99.0,97.8,76.8,69.5,-1.040681173131508,1.0628019323671412,-0.9111617312072884,-1.3605442176870763,-1.1467889908256867,-1.1467889908256867,-1.2961116650049842,2.590673575129543,-2.004008016032066,-0.10214504596527396,-0.13003901170351995,-7.021791767554475,-0.2869440459110528,-1.6973125884017004
2013-09-01,103.3,86.2,85.6,97.7,95.8,76.8,69.7,-1.24282982791587,0.09689922480620172,-0.9195402298850519,0.34924330616996624,-0.6960556844547661,-0.6960556844547661,-1.3131313131313105,2.4109014675052443,-2.0449897750511203,0.20920502092049986,0.0,-1.0309278350515427,0.2877697841726645,-1.134751773049636
2013-10-01,103.3,85.9,85.2,97.0,94.8,76.7,69.6,0.0,-0.4816955684007751,-0.34802784222737193,-0.34802784222737193,-0.4672897196261627,-1.6166281755196188,-0.7164790174002067,1.147028154327412,-1.043841336116913,-1.147028154327434,-0.13020833333332593,-1.6666666666666607,-0.14347202295553751,-2.1097046413502074
2013-11-01,102.8,85.6,85.2,97.0,94.7,77.0,70.0,-0.4840271055179035,-1.2487992315081575,-0.34924330616997734,-1.382488479262678,0.0,-1.8433179723502224,0.0,0.7268951194184803,-0.10548523206750371,-1.9668737060041352,0.39113428943937656,-1.2820512820512775,0.5747126436781658,-1.5471167369901506
2013-12-01,102.1,85.3,84.9,96.5,93.3,77.0,70.0,-0.6809338521400754,-1.5429122468659684,-0.3504672897196248,-1.044083526682138,-0.35211267605633756,-0.9334889148191361,-0.5154639175257714,0.6256517205422307,-1.4783526927138357,-2.2012578616352307,0.0,0.0,0.0,0.7194244604316502
2014-01-01,102.1,89.2,84.7,97.6,92.8,75.8,69.9,0.0,-2.669208770257403,4.572098475967179,3.121387283236987,-0.2355712603062443,-1.2820512820512775,1.139896373056981,0.411522633744843,-0.5359056806002127,-2.8272251308900542,-1.558441558441559,-0.9150326797385699,-0.14285714285713347,1.157742402315498
2014-02-01,101.9,88.8,84.2,97.5,92.2,75.6,69.7,-0.19588638589617124,-4.498594189315841,-0.4484304932735439,1.0238907849829282,-0.5903187721369552,-3.550973654066436,-0.10245901639344135,-2.500000000000002,-0.6465517241379226,-6.014271151885819,-0.26385224274406704,-1.305483028720622,-0.28612303290415086,0.5772005772005873
2014-03-01,102.2,88.9,84.3,97.4,91.9,75.7,69.8,0.2944062806673253,-4.217432052483594,0.11261261261261701,0.5656108597285048,0.11876484560569,-3.9863325740318922,-0.10256410256409554,-3.8499506416584284,-0.32537960954446277,-8.648111332007947,0.1322751322751392,-1.432291666666663,0.1434720229555264,0.287356321839094
2014-04-01,102.1,88.4,83.7,97.3,91.3,75.9,70.0,-0.09784735812133905,-3.6792452830188727,-0.5624296962879693,0.6833712984054774,-0.7117437722419906,-4.013761467889909,-0.10266940451746365,-2.7972027972027913,-0.6528835690968515,-7.963709677419361,0.26420079260238705,-1.04302477183833,0.2865329512893977,0.8645533141210304
2014-05-01,101.8,88.1,83.4,97.2,90.8,75.7,69.7,-0.2938295788442624,-3.5071090047393394,-0.33936651583711397,0.45610034207523853,-0.35842293906809264,-4.357798165137616,-0.10277492291880241,-1.2195121951219523,-0.5476451259583737,-8.467741935483875,-0.26350461133070047,-1.5604681404421394,-0.4285714285714226,0.0
2014-06-01,102.4,96.3,95.7,97.1,90.3,97.2,96.4,0.5893909626719207,-2.568981921979052,9.307604994324636,10.183066361556058,14.748201438848918,10.000000000000009,-0.10288065843622185,-1.7206477732793601,-0.5506607929515406,-8.04480651731161,28.40158520475562,26.233766233766232,38.30703012912482,38.10888252148998
2014-07-01,102.1,96.0,95.3,97.0,89.5,97.0,96.2,-0.2929687500000111,-3.40586565752129,-0.31152647975077885,9.339407744874716,-0.4179728317659448,9.28899082568806,-0.1029866117404632,-3.2901296111664924,-0.8859357696566983,-10.320641282565123,-0.2057613168724326,26.13784135240571,-0.20746887966804906,38.02008608321377
2014-08-01,102.4,96.7,96.0,97.3,91.5,97.0,96.1,0.2938295788442735,-2.1032504780114647,0.7291666666666696,11.149425287356319,0.734522560335793,11.368909512761016,0.3092783505154628,-1.7171717171717171,2.2346368715083775,-6.441717791411039,0.0,26.30208333333335,-0.10395010395011228,38.273381294964025
2014-09-01,102.4,97.2,97.0,97.6,93.7,97.9,97.3,0.0,-0.871248789932233,0.5170630816959676,12.761020881670525,1.041666666666674,13.31775700934581,0.30832476875641834,-0.10235414534289777,2.4043715846994607,-2.192066805845505,0.9278350515463885,27.47395833333335,1.248699271592102,39.59827833572454
2014-10-01,102.5,97.8,97.4,98.3,95.1,98.3,97.8,0.09765625,-0.7744433688286478,0.6172839506172867,13.853317811408594,0.4123711340206171,14.319248826291076,0.7172131147541005,1.3402061855670055,1.4941302027748016,0.31645569620253333,0.40858018386107364,28.161668839634935,0.5138746145940454,40.51724137931034
2014-11-01,102.6,98.5,98.1,99.1,96.9,98.8,98.4,0.09756097560975618,-0.1945525291828787,0.7157464212679043,15.070093457943923,0.7186858316221567,15.140845070422525,0.8138351983723258,2.1649484536082397,1.8927444794952786,2.323125659978875,0.508646998982698,28.31168831168831,0.6134969325153561,40.57142857142857
2014-12-01,102.3,98.8,98.6,99.3,97.8,99.1,98.8,-0.29239766081871066,0.19588638589618235,0.3045685279187804,15.82649472450175,0.5096839959225274,16.1366313309776,0.20181634712412855,2.901554404145079,0.9287925696594312,4.8231511254019255,0.30364372469635637,28.701298701298693,0.40650406504063596,41.142857142857146
2015-01-01,102.1,100.3,101.0,100.0,100.6,101.1,101.5,-0.19550342130987275,0.0,1.5182186234817818,12.443946188340792,2.4340770791075217,19.244391971664697,0.7049345417925457,2.459016393442637,2.862985685071573,8.405172413793105,2.0181634712411745,33.37730870712401,2.7327935222672073,45.2074391988555
2015-02-01,100.6,99.8,100.4,99.6,99.7,100.5,100.6,-1.4691478942213565,-1.2757605495584023,-0.49850448654037427,12.387387387387383,-0.5940594059405835,19.239904988123513,-0.40000000000000036,2.1538461538461506,-0.8946322067594381,8.134490238611702,-0.5934718100890191,32.93650793650795,-0.8866995073891659,44.332855093256796
2015-03-01,100.7,100.7,101.5,100.3,102.2,101.2,101.7,0.09940357852884496,-1.4677103718199636,0.9018036072144353,13.273340832395952,1.0956175298804771,20.40332147093713,0.7028112449799284,2.977412731006157,2.507522567703102,11.207834602829148,0.6965174129353269,33.68560105680316,1.093439363817117,45.70200573065903
2015-04-01,100.9,100.8,101.3,100.1,102.2,101.0,101.4,0.19860973187686426,-1.1753183153770719,0.09930486593843213,14.027149321266963,-0.19704433497537144,21.027479091995204,-0.1994017946161497,2.877697841726623,0.0,11.938663745892676,-0.19762845849802257,33.06982872200261,-0.2949852507374562,44.85714285714286
2015-05-01,100.5,99.7,99.5,99.8,98.9,99.7,99.6,-0.3964321110009994,-1.2770137524557912,-1.0912698412698374,13.166855845629977,-1.7769002961500413,19.30455635491606,-0.29970029970030065,2.6748971193415683,-3.228962818003911,8.920704845814997,-1.2871287128712883,31.704095112285337,-1.775147928994092,42.89813486370156
2015-06-01,99.9,99.3,99.0,99.4,98.1,99.3,99.0,-0.5970149253731294,-2.44140625,-0.4012036108325012,3.1152647975077885,-0.5025125628140725,3.4482758620689724,-0.4008016032064021,2.3686920700308978,-0.8088978766430888,8.637873754152814,-0.4012036108325012,2.160493827160481,-0.6024096385542133,2.6970954356846377
2015-07-01,99.4,99.0,98.5,99.3,98.2,98.8,98.4,-0.5005005005005003,-2.6444662095984173,-0.30211480362537513,3.125,-0.5050505050505083,3.3578174186778664,-0.1006036217303885,2.3711340206185483,0.10193679918450993,9.720670391061459,-0.503524672708966,1.855670103092777,-0.6060606060605989,2.2869022869022926
2015-08-01,99.4,99.1,98.7,99.4,98.2,99.0,98.7,0.0,-2.9296875,0.10101010101009056,2.4819027921406223,0.20304568527920175,2.8124999999999956,0.10070493454179541,2.158273381294973,0.0,7.322404371584712,0.2024291497975783,2.0618556701030855,0.304878048780477,2.7055150884495394
2015-09-01,100.1,100.1,99.9,100.2,99.7,99.7,99.6,0.7042253521126751,-2.246093750000011,1.0090817356205761,2.9835390946501894,1.2158054711246313,2.989690721649496,0.8048289738430636,2.6639344262295195,1.527494908350313,6.4034151547492035,0.7070707070707005,1.8386108273748647,0.9118541033434457,2.3638232271325776
2015-10-01,99.4,100.0,99.7,100.2,99.5,99.6,99.4,-0.6993006993006867,-3.0243902439024306,-0.09990009990009652,2.249488752556239,-0.2002002002002068,2.361396303901442,0.0,1.9328585961342792,-0.20060180541625616,4.6267087276551155,-0.10030090270812808,1.3224821973550238,-0.20080321285139702,1.6359918200409052
2015-11-01,98.0,100.1,99.8,100.5,100.7,99.7,99.6,-1.4084507042253613,-4.483430799220267,0.09999999999998899,1.624365482233503,0.10030090270811698,1.7329255861366022,0.29940119760478723,1.4127144298688332,1.2060301507537785,3.9215686274509665,0.10040160642570406,0.9109311740890691,0.2012072434607548,1.21951219512193
2015-12-01,99.2,101.0,100.9,101.2,102.0,100.5,100.6,1.2244897959183598,-3.0303030303030276,0.899100899100902,2.2267206477732726,1.102204408817653,2.332657200811372,0.6965174129353269,1.9133937562940684,1.2909632571995955,4.294478527607359,0.8024072216650024,1.4127144298688332,1.0040160642570184,1.8218623481781382
2016-01-01,100.8,103.0,102.2,102.6,95.2,101.8,102.3,1.6129032258064502,-1.2732615083251742,1.980198019801982,2.6919242273180544,1.2884043607532147,1.1881188118811892,1.383399209486158,2.6000000000000023,-6.666666666666665,-5.367793240556651,1.2935323383084452,0.6923837784371889,1.6898608349900535,0.7881773399014858
2016-02-01,101.5,104.0,103.5,103.1,96.0,102.7,103.5,0.694444444444442,0.8946322067594492,0.9708737864077666,4.208416833667328,1.2720156555773077,3.0876494023904355,0.4873294346978474,3.5140562248995977,0.8403361344537785,-3.711133400200606,0.8840864440078589,2.189054726368167,1.1730205278592365,2.882703777335993
2016-03-01,101.7,104.0,103.5,103.2,96.1,102.7,103.6,0.19704433497538254,0.9930486593842991,0.0,3.277060575968216,0.0,1.9704433497536922,0.09699321047527132,2.891326021934204,0.10416666666666075,-5.968688845401182,0.0,1.4822134387351804,0.09661835748790981,1.868239921337267
2016-04-01,102.7,104.2,103.6,103.2,95.8,102.8,103.7,0.9832841691248762,1.7839444995044529,0.19230769230769162,3.3730158730158832,0.09661835748790981,2.270483711747273,0.0,3.096903096903114,-0.3121748178980255,-6.262230919765177,0.09737098344693162,1.7821782178217838,0.09652509652511299,2.268244575936884
2016-05-01,102.4,103.2,102.6,102.1,92.7,102.0,102.9,-0.2921129503407949,1.8905472636816079,-0.9596928982725572,3.5105315947843607,-0.9652509652509633,3.1155778894472297,-1.06589147286823,2.3046092184368705,-3.235908141962418,-6.2689585439838265,-0.7782101167315147,2.306920762286868,-0.7714561234329786,3.3132530120482118
2016-06-01,103.7,104.5,104.2,103.2,94.6,103.1,104.4,1.26953125,3.803803803803807,1.2596899224806224,5.236656596173206,1.5594541910331383,5.252525252525264,1.077375122429003,3.822937625754519,2.049622437971954,-3.567787971457692,1.0784313725490158,3.8267875125881146,1.4577259475218707,5.4545454545454675
2016-07-01,108.3,109.7,110.5,107.2,102.3,107.6,110.8,4.435872709739619,8.953722334004022,4.976076555023923,10.808080808080799,6.046065259117084,12.182741116751261,3.875968992248069,7.955689828801615,8.139534883720945,4.175152749490829,4.3646944713870095,8.906882591093112,6.130268199233702,12.601626016260159
2016-08-01,108.7,110.1,111.2,107.4,102.6,108.0,111.5,0.3693444136657398,9.356136820925553,0.3646308113035568,11.099899091826448,0.6334841628959254,12.664640324214794,0.1865671641791078,8.048289738430592,0.2932551319648091,4.4806517311608784,0.3717472118959231,9.090909090909083,0.631768953068601,12.968591691995934
2016-09-01,108.2,110.1,111.0,107.5,102.3,108.1,111.3,-0.4599816007359703,8.091908091908095,0.0,9.990009990009984,-0.17985611510791255,11.111111111111093,0.09310986964616852,7.285429141716571,-0.29239766081871066,2.607823470411219,0.09259259259257746,8.425275827482448,-0.17937219730942422,11.746987951807242
2016-10-01,111.8,114.0,115.4,111.0,107.8,111.4,116.0,3.3271719038816983,12.474849094567396,3.542234332425065,13.99999999999999,3.963963963963968,15.74724172517552,3.2558139534883734,10.77844311377245,5.376344086021501,8.341708542713565,3.052728954671613,11.847389558232946,4.222821203953275,16.70020120724345
2016-11-01,110.3,112.8,113.9,110.3,106.8,110.3,114.5,-1.341681574239717,12.551020408163271,-1.0526315789473717,12.68731268731269,-1.2998266897746968,14.128256513026072,-0.6306306306306353,9.751243781094532,-0.927643784786647,6.057596822244293,-0.9874326750448859,10.631895687061178,-1.2931034482758674,14.959839357429727
2016-12-01,109.3,112.5,113.6,110.0,106.5,110.1,114.2,-0.9066183136899331,10.181451612903224,-0.26595744680850686,11.386138613861396,-0.26338893766463256,12.586719524281452,-0.27198549410697437,8.695652173913038,-0.2808988764044895,4.4117647058823595,-0.1813236627379866,9.552238805970138,-0.26200873362445254,13.518886679920495
2017-01-01,111.4,115.8,115.4,114.5,108.0,111.7,115.6,1.921317474839901,10.515873015873023,2.933333333333321,12.427184466019426,1.5845070422535246,12.915851272015665,4.090909090909101,11.598440545808963,1.4084507042253502,13.4453781512605,1.4532243415077195,9.724950884086446,1.2259194395796813,13.000977517106538
2017-02-01,111.1,115.0,114.3,113.9,106.5,111.0,114.6,-0.2692998204667951,9.458128078817719,-0.6908462867012077,10.576923076923084,-0.953206239168114,10.43478260869566,-0.5240174672489051,10.475266731328814,-1.388888888888884,10.9375,-0.6266786034019756,8.081791626095413,-0.865051903114189,10.724637681159411
2017-03-01,112.4,116.1,115.7,114.6,107.8,112.0,116.0,1.1701170117011772,10.52114060963618,0.9565217391304337,11.634615384615387,1.2248468941382429,11.787439613526573,0.6145741878841093,11.046511627906973,1.2206572769952961,12.174817898022905,0.9009009009008917,9.055501460564752,1.221640488656206,11.969111969111967
2017-04-01,111.6,114.8,113.6,115.6,105.3,110.4,113.8,-0.7117437722420017,8.666017526777004,-1.1197243755383224,10.172744721689053,-1.8150388936905903,9.652509652509655,0.8726003490401313,12.015503875968992,-2.3191094619666064,9.916492693110657,-1.4285714285714235,7.3929961089494345,-1.8965517241379293,9.739633558341353
2017-05-01,111.8,113.8,112.4,114.5,103.0,109.7,112.8,0.17921146953405742,9.1796875,-0.8710801393728262,10.27131782945736,-1.0563380281690016,9.551656920077978,-0.9515570934256035,12.144955925563172,-2.1842355175688444,11.111111111111116,-0.63405797101449,7.549019607843133,-0.8787346221441172,9.620991253644306
2017-06-01,113.5,114.2,112.8,115.1,104.1,110.0,113.1,1.5205724508050134,9.450337512053997,0.35149384885764245,9.282296650717715,0.3558718861209842,8.253358925143939,0.5240174672489051,11.531007751937983,1.0679611650485477,10.042283298097242,0.27347310847767314,6.69253152279341,0.26595744680850686,8.333333333333325
2017-07-01,113.3,113.4,111.9,114.2,102.3,109.3,112.2,-0.17621145374450142,4.616805170821792,-0.7005253940455369,3.3728350045578948,-0.7978723404255206,1.2669683257918507,-0.7819287576020795,6.529850746268662,-1.729106628242072,0.0,-0.6363636363636349,1.5799256505576231,-0.7957559681697535,1.2635379061371799
2017-08-01,114.8,114.0,112.8,114.4,102.7,109.9,113.1,1.3239187996469504,5.611775528978846,0.5291005291005346,3.542234332425065,0.8042895442359255,1.4388489208633004,0.17513134851139256,6.517690875232773,0.3910068426197455,0.09746588693957392,0.5489478499542733,1.7592592592592604,0.8021390374331583,1.4349775784753271
2017-09-01,113.3,112.6,111.9,112.2,98.8,108.7,112.1,-1.3066202090592283,4.71349353049908,-1.2280701754386003,2.270663033605813,-0.7978723404255206,0.8108108108108247,-1.9230769230769273,4.3720930232558075,-3.797468354430389,-3.421309872922773,-1.0919017288444022,0.5550416281221215,-0.8841732979664063,0.7187780772686336
2017-10-01,113.9,113.0,112.2,112.7,99.6,109.0,112.4,0.5295675198587979,1.878354203935606,0.355239786856143,-0.8771929824561431,0.2680965147453085,-2.772963604852685,0.4456327985739694,1.531531531531538,0.809716599190291,-7.606679035250464,0.2759889604415866,-2.1543985637342944,0.267618198037467,-3.103448275862064
2017-11-01,114.0,112.9,112.0,112.7,99.4,108.9,112.2,0.08779631255486642,3.354487760652769,-0.08849557522123686,0.08865248226950229,-0.17825311942959443,-1.668129938542584,0.0,2.1758839528558616,-0.20080321285139702,-6.928838951310857,-0.09174311926605228,-1.2692656391659063,-0.1779359430605032,-2.008733624454151
2017-12-01,113.2,112.1,111.1,112.0,98.2,108.1,111.2,-0.7017543859649145,3.568161024702654,-0.7085916740478426,-0.3555555555555645,-0.8035714285714368,-2.2007042253521125,-0.6211180124223614,1.8181818181818077,-1.2072434607645954,-7.793427230046945,-0.7346189164371131,-1.816530426884655,-0.89126559714795,-2.626970227670755
2018-01-01,112.8,111.2,110.3,110.7,96.3,107.5,110.2,-0.35335689045936647,1.2567324955116588,-0.8028545941123899,-3.9723661485319472,-0.7200720072007227,-4.419410745233976,-1.1607142857142816,-3.3187772925764136,-1.93482688391039,-10.83333333333334,-0.5550416281220993,-3.76007162041182,-0.8992805755395739,-4.671280276816603
2018-02-01,112.9,110.3,109.0,109.9,95.4,106.7,109.0,0.08865248226950229,1.6201620162016317,-0.8093525179856176,-4.086956521739138,-1.1786038077969185,-4.636920384951882,-0.722673893405601,-3.511852502194912,-0.9345794392523255,-10.422535211267602,-0.7441860465116301,-3.8738738738738676,-1.0889292196007316,-4.88656195462478
2018-03-01,112.8,110.1,108.9,109.5,95.1,106.7,109.0,-0.08857395925598865,0.3558718861209842,-0.1813236627379866,-5.167958656330751,-0.09174311926605228,-5.8772687986171075,-0.36396724294813776,-4.450261780104703,-0.3144654088050425,-11.781076066790352,0.0,-4.732142857142851,0.0,-6.034482758620685
2018-04-01,112.5,109.6,108.3,108.9,94.7,106.5,108.6,-0.26595744680850686,0.8064516129032251,-0.4541326067211582,-4.529616724738683,-0.5509641873278293,-4.665492957746475,-0.5479452054794498,-5.795847750865047,-0.4206098843322681,-10.066476733143393,-0.18744142455482393,-3.532608695652184,-0.3669724770642202,-4.569420035149385
2018-05-01,114.1,112.2,111.7,112.3,99.8,108.5,112.1,1.4222222222222136,2.0572450805008913,2.3722627737226443,-1.4059753954305698,3.1394275161588325,-0.6227758007117501,3.1221303948576695,-1.9213973799126705,5.385427666314668,-3.106796116504862,1.8779342723004744,-1.0938924339106704,3.222836095764281,-0.6205673758865271
2018-06-01,114.8,112.8,112.7,113.1,100.6,109.1,113.1,0.6134969325153339,1.1453744493391982,0.5347593582887722,-1.2259194395796924,0.8952551477170889,-0.08865248226950229,0.7123775601068472,-1.7376194613379692,0.8016032064128265,-3.3621517771373677,0.5529953917050578,-0.8181818181818179,0.8920606601248826,0.0
2018-07-01,115.5,113.6,113.6,113.9,101.6,109.7,113.9,0.6097560975609762,1.9417475728155331,0.7092198581560183,0.17636684303350414,0.7985803016858917,1.5192135835567333,0.7073386383731339,-0.26269702276707774,0.994035785288272,-0.6842619745845546,0.5499541704858002,0.36596523330283404,0.7073386383731339,1.5151515151515138
2018-08-01,116.9,115.0,115.6,115.5,103.8,111.0,115.7,1.21212121212122,1.8292682926829285,1.232394366197198,0.8771929824561431,1.760563380281699,2.482269503546086,1.4047410008779515,0.9615384615384581,2.1653543307086576,1.0710808179162479,1.185050136736554,1.0009099181073733,1.5803336259877065,2.298850574712641
2018-09-01,116.3,114.4,114.8,114.7,102.5,110.4,114.9,-0.5132591958939337,2.6478375992939007,-0.5217391304347729,1.598579040852588,-0.692041522491349,2.5915996425379673,-0.6926406926406892,2.2281639928698693,-1.2524084778420042,3.7449392712550544,-0.540540540540535,1.5639374425022945,-0.691443388072599,2.497769848349707
2018-10-01,115.9,114.4,114.9,114.5,102.7,110.5,115.0,-0.34393809114359186,1.7559262510974616,0.0,1.2389380530973604,0.08710801393729817,2.406417112299475,-0.17436791630339732,1.5971606033717833,0.19512195121951237,3.1124497991968036,0.09057971014492239,1.3761467889908285,0.08703220191470518,2.313167259786475
2018-11-01,116.1,114.8,115.2,115.0,103.5,110.4,114.5,0.17256255392579245,1.8421052631578894,0.34965034965033226,1.6829052258635846,0.26109660574411553,2.857142857142869,0.4366812227074135,2.0408163265306145,0.778967867575453,4.124748490945662,-0.09049773755656076,1.377410468319562,-0.43478260869564966,2.049910873440286
2018-12-01,117.0,115.9,116.7,116.5,105.4,111.4,115.9,0.7751937984496138,3.3568904593639592,0.9581881533101022,3.3898305084745894,1.302083333333326,5.040504050405059,1.304347826086949,4.01785714285714,1.8357487922705307,7.331975560081472,0.9057971014492683,3.052728954671613,1.2227074235807933,4.226618705035978
2019-01-01,115.7,113.8,113.8,115.1,103.4,109.7,113.5,-1.1111111111111072,2.5709219858156107,-1.8119068162208873,2.338129496402863,-2.4850042844901554,3.1731640979147713,-1.2017167381974336,3.9747064137307886,-1.8975332068311146,7.37279335410177,-1.526032315978454,2.0465116279069884,-2.070750647109587,2.9945553539019842
2019-02-01,115.2,113.0,112.7,114.3,102.3,109.0,112.5,-0.4321521175453813,2.037201062887517,-0.7029876977152849,2.447869446962825,-0.9666080843585223,3.394495412844045,-0.6950477845351855,4.003639672429471,-1.0638297872340496,7.232704402515711,-0.6381039197812188,2.1555763823805085,-0.8810572687224627,3.2110091743119185
2019-03-01,114.2,111.8,111.0,113.5,101.2,108.0,111.1,-0.868055555555558,1.2411347517730542,-1.0619469026548645,1.5440508628519645,-1.5084294587400238,1.928374655647369,-0.6999125109361293,3.65296803652968,-1.0752688172043001,6.414300736067302,-0.917431192660545,1.2183692596063667,-1.244444444444448,1.9266055045871422
2019-04-01,115.1,112.5,112.0,114.0,102.2,108.7,112.1,0.7880910683012221,2.3111111111111082,0.6261180679785427,2.6459854014598605,0.9009009009008917,3.4164358264081374,0.4405286343612369,4.683195592286493,0.9881422924901129,7.919746568109831,0.6481481481481532,2.0657276995305285,0.900090009000909,3.222836095764281
2019-05-01,116.1,113.3,113.1,114.6,103.1,109.4,113.0,0.8688097306689846,1.752848378615246,0.7111111111111068,0.9803921568627416,0.9821428571428426,1.253357206803929,0.5263157894736858,2.048085485307216,0.8806262230919737,3.3066132264528925,0.6439742410303539,0.8294930875575979,0.802854594112401,0.802854594112401
2019-06-01,117.5,116.3,117.0,115.8,104.7,111.5,116.1,1.2058570198105079,2.3519163763066286,2.6478375992939007,3.1028368794326244,3.4482758620689724,3.815439219165917,1.0471204188481797,2.3872679045092937,1.5518913676042745,4.075546719681911,1.9195612431444298,2.1998166819431786,2.743362831858409,2.652519893899208
2019-07-01,118.9,118.2,119.6,117.0,106.5,113.1,118.3,1.191489361702125,2.9437229437229595,1.6337059329320835,4.049295774647899,2.2222222222222143,5.2816901408450745,1.0362694300518172,2.721685689201059,1.7191977077363862,4.822834645669305,1.4349775784753271,3.0993618960802216,1.8949181739879473,3.863037752414389
2019-08-01,121.0,119.8,121.9,118.8,109.2,114.6,120.4,1.766190075693852,3.507271171941828,1.3536379018612488,4.17391304347825,1.9230769230769384,5.449826989619377,1.538461538461533,2.857142857142847,2.5352112676056304,5.202312138728327,1.3262599469495928,3.2432432432432323,1.775147928994092,4.062229904926529
2019-09-01,119.3,118.2,119.8,117.4,107.3,113.3,118.5,-1.4049586776859524,2.579535683576961,-1.3355592654423987,3.321678321678312,-1.722723543888438,4.355400696864109,-1.1784511784511675,2.3539668700959027,-1.7399267399267448,4.682926829268297,-1.1343804537521818,2.6268115942028825,-1.5780730897010042,3.1331592689294974
2019-10-01,117.8,116.7,117.8,115.8,105.0,111.9,116.6,-1.257334450963954,1.6393442622950838,-1.269035532994922,2.0104895104894993,-1.6694490818030094,2.523933855526539,-1.3628620102214772,1.1353711790393017,-2.143522833178002,2.2395326192794496,-1.2356575463371544,1.2669683257918507,-1.6033755274261652,1.3913043478260834
2019-11-01,116.4,114.9,116.0,114.5,103.2,109.8,115.1,-1.1884550084889534,0.25839793281654533,-1.5424164524421524,0.08710801393729817,-1.5280135823429464,0.694444444444442,-1.1226252158894612,-0.43478260869564966,-1.7142857142857126,-0.28985507246376274,-1.8766756032171705,-0.5434782608695676,-1.2864493996569415,0.5240174672489051
2019-12-01,115.3,113.9,114.7,113.4,101.5,108.9,113.8,-0.9450171821305919,-1.452991452991459,-0.8703220191470851,-1.72562553925798,-1.1206896551724133,-1.7137960582690681,-0.9606986899563297,-2.6609442060085753,-1.6472868217054293,-3.700189753320693,-0.8196721311475308,-2.2441651705565557,-1.1294526498696777,-1.8119068162208873
2020-01-01,116.0,114.1,114.9,113.4,101.7,109.1,114.1,0.6071118820468291,0.2592912705272177,0.17559262510973284,0.2636203866432263,0.17436791630340842,0.9666080843585334,0.0,-1.476976542137265,0.19704433497538254,-1.6441005802707909,0.18365472910926162,-0.5469462169553352,0.2636203866432263,0.528634361233471
2020-02-01,116.8,115.4,116.5,114.3,102.6,110.2,115.6,0.6896551724137945,1.388888888888884,1.1393514460999121,2.123893805309729,1.3925152306353272,3.371783496007086,0.7936507936507908,0.0,0.8849557522123908,0.2932551319648091,1.0082493125572967,1.1009174311926717,1.3146362839614456,2.7555555555555555
2020-03-01,119.5,118.3,120.4,117.4,107.5,113.1,119.4,2.3116438356164393,4.640980735551659,2.512998266897748,5.813953488372103,3.3476394849785374,8.46846846846847,2.7121609798775204,3.4361233480176168,4.775828460038989,6.225296442687744,2.631578947368407,4.722222222222228,3.287197231833927,7.470747074707473
2020-04-01,117.2,116.1,117.4,116.8,106.9,111.2,116.8,-1.9246861924686165,1.8245004344048743,-1.8596787827557137,3.200000000000003,-2.491694352159468,4.8214285714285765,-0.5110732538330609,2.4561403508772006,-0.558139534883717,4.5988258317025466,-1.6799292661361598,2.2999080036798514,-2.1775544388609736,4.192685102586968
2020-05-01,117.8,116.9,118.5,117.7,108.0,112.0,117.8,0.5119453924914641,1.4642549526270532,0.6890611541774394,3.1774051191526986,0.9369676320272413,4.774535809018565,0.7705479452054798,2.7050610820244403,1.0289990645462987,4.752667313288073,0.7194244604316502,2.376599634369292,0.8561643835616417,4.247787610619458
2020-06-01,117.6,116.5,117.9,116.9,106.3,111.3,117.0,-0.1697792869269965,0.08510638297871687,-0.34217279726261873,0.17196904557179593,-0.5063291139240422,0.7692307692307665,-0.679694137638065,0.9499136442141731,-1.5740740740740722,1.5281757402101137,-0.6249999999999978,-0.17937219730942422,-0.6791171477079749,0.7751937984496138
2020-07-01,118.1,116.3,117.6,116.6,105.5,111.0,116.6,0.42517006802720303,-0.6728343145500526,-0.17167381974249052,-1.6074450084602399,-0.2544529262086592,-1.6722408026755842,-0.2566295979469779,-0.34188034188035177,-0.7525870178739402,-0.9389671361502372,-0.26954177897573484,-1.8567639257294433,-0.34188034188035177,-1.4370245139475935
2020-08-01,117.6,114.9,115.4,114.7,102.0,109.3,114.3,-0.42337002540220325,-2.809917355371905,-1.2037833190025715,-4.0901502504173575,-1.8707482993197133,-5.332239540607054,-1.6295025728987889,-3.4511784511784493,-3.3175355450236976,-6.593406593406592,-1.531531531531538,-4.62478184991274,-1.9725557461406473,-5.066445182724255
2020-09-01,119.0,116.7,117.8,115.5,103.3,110.8,116.3,1.1904761904761862,-0.25146689019278634,1.5665796344647598,-1.269035532994922,2.079722703639497,-1.6694490818030094,0.6974716652135893,-1.6183986371379966,1.274509803921564,-3.727865796831309,1.3723696248856276,-2.206531332744921,1.7497812773403343,-1.8565400843881918
2020-10-01,118.9,116.7,117.6,117.0,103.1,110.6,116.1,-0.08403361344537785,0.9337860780984863,0.0,0.0,-0.1697792869269965,-0.1697792869269965,1.298701298701288,1.0362694300518172,-0.1936108422071703,-1.8095238095238164,-0.18050541516245744,-1.1617515638963516,-0.17196904557179593,-0.42881646655231753
2020-11-01,118.2,115.6,116.2,115.9,101.3,109.6,114.7,-0.5887300252312877,1.546391752577314,-0.9425878320479919,0.6092254134029584,-1.1904761904761862,0.17241379310344307,-0.9401709401709368,1.2227074235807933,-1.745877788554795,-1.8410852713178327,-0.9041591320072317,-0.18214936247723523,-1.2058570198104968,-0.3475238922675872
2020-12-01,119.0,115.5,116.0,115.3,100.0,109.5,114.7,0.6768189509306133,3.209019947961833,-0.08650519031141446,1.4047410008779515,-0.1721170395869165,1.1333914559720881,-0.5176876617773996,1.6754850088183337,-1.2833168805528095,-1.4778325123152691,-0.09124087591240171,0.5509641873278293,0.0,0.7908611599297011
2021-01-01,118.7,114.3,114.6,114.4,98.6,108.6,113.4,-0.25210084033613356,2.327586206896548,-1.0389610389610393,0.17528483786153348,-1.206896551724146,-0.26109660574413773,-0.7805724197744945,0.8818342151675429,-1.4000000000000012,-3.048180924287125,-0.8219178082191858,-0.45829514207149646,-1.1333914559720992,-0.6134969325153228
2021-02-01,117.4,112.9,112.8,112.9,96.9,107.4,111.8,-1.0951979780960408,0.5136986301369939,-1.2248468941382207,-2.166377816291165,-1.5706806282722474,-3.175965665236058,-1.3111888111888126,-1.2248468941382207,-1.724137931034475,-5.5555555555555465,-1.1049723756905938,-2.5408348457350294,-1.4109347442680886,-3.287197231833905
2021-03-01,117.9,112.5,112.3,112.8,97.0,107.1,111.4,0.4258943781942026,-1.3389121338912124,-0.3542958370239213,-4.902789518174133,-0.44326241134752253,-6.727574750830567,-0.08857395925598865,-3.918228279386715,0.10319917440659854,-9.76744186046512,-0.27932960893856107,-5.305039787798405,-0.3577817531305816,-6.700167504187604
2021-04-01,119.1,112.7,112.5,113.0,97.2,107.3,111.6,1.0178117048345925,1.6211604095563104,0.1777777777777878,-2.928509905254084,0.17809439002671734,-4.173764906303246,0.17730496453900457,-3.253424657534243,0.20618556701030855,-9.073900841908323,0.18674136321195078,-3.507194244604317,0.17953321364452268,-4.452054794520555
2021-05-01,119.0,112.5,112.3,112.2,95.9,107.0,111.4,-0.08396305625524292,1.018675721561979,-0.17746228926353025,-3.763900769888795,-0.1777777777777767,-5.2320675105485215,-0.7079646017699059,-4.672897196261683,-1.3374485596707841,-11.203703703703694,-0.2795899347623476,-4.46428571428571,-0.17921146953403522,-5.432937181663833
2021-06-01,119.5,111.5,110.5,113.9,96.0,106.1,110.0,0.42016806722688926,1.6156462585034115,-0.8888888888888835,-4.29184549356223,-1.6028495102404228,-6.276505513146735,1.5151515151515138,-2.566295979469635,0.10427528675702735,-9.689557855126996,-0.8411214953271129,-4.672057502246185,-1.2567324955116699,-5.982905982905984
2021-07-01,120.7,112.0,111.2,114.4,97.1,106.4,110.9,1.0041841004184038,2.201524132091448,0.4484304932735439,-3.6973344797936347,0.6334841628959254,-5.442176870748295,0.4389815627743543,-1.8867924528301772,1.1458333333333348,-7.962085308056876,0.2827521206409056,-4.144144144144136,0.818181818181829,-4.888507718696388
2021-08-01,120.3,111.8,111.1,114.4,97.2,106.5,111.0,-0.3314001657000909,2.2959183673469497,-0.17857142857142794,-2.6979982593559715,-0.08992805755396738,-3.72616984402081,0.0,-0.26155187445510153,0.1029866117404854,-4.70588235294117,0.09398496240600185,-2.5617566331198494,0.09017132551847329,-2.887139107611547
2021-09-01,121.6,112.7,112.0,114.7,97.6,106.6,111.3,1.0806317539484578,2.184873949579824,0.805008944543828,-3.4275921165381362,0.8100810081008047,-4.923599320882854,0.2622377622377492,-0.6926406926406892,0.411522633744843,-5.517909002904164,0.09389671361501595,-3.7906137184115507,0.2702702702702675,-4.299226139294932
2021-10-01,121.9,112.4,111.7,116.2,97.9,106.7,111.6,0.24671052631579649,2.5231286795626584,-0.2661934338952898,-3.6846615252784876,-0.2678571428571419,-5.01700680272108,1.3077593722754965,-0.6837606837606813,0.30737704918033515,-5.043646944713864,0.09380863039401,-3.5262206148282016,0.26954177897573484,-3.875968992248058
2021-11-01,123.3,112.8,112.4,117.0,99.4,107.2,112.6,1.1484823625922846,4.314720812182737,0.3558718861209842,-2.422145328719716,0.6266786034019756,-3.2702237521514577,0.688468158347666,0.9490940465918918,1.532175689479054,-1.87561697926949,0.46860356138707093,-2.1897810218978075,0.8960573476702427,-1.8308631211857107
2021-12-01,124.4,113.3,113.0,117.6,100.4,107.5,113.4,0.8921330089213475,4.537815126050426,0.44326241134751143,-1.904761904761909,0.5338078291814874,-2.5862068965517238,0.512820512820511,1.994796183868175,1.0060362173038184,0.40000000000000036,0.2798507462686617,-1.82648401826484,0.7104795737122638,-1.1333914559720992
2022-01-01,124.1,112.0,111.5,116.6,99.0,106.7,112.6,-0.2411575562701107,4.549283909014323,-1.1473962930273585,-2.01224846894138,-1.3274336283185861,-2.705061082024429,-0.8503401360544172,1.9230769230769162,-1.394422310756982,0.40567951318459805,-0.7441860465116301,-1.7495395948434522,-0.7054673721340499,-0.7054673721340499
2022-02-01,125.8,113.9,113.5,118.7,99.6,106.9,112.7,1.3698630136986356,7.155025553662675,1.6964285714285765,0.8857395925597977,1.7937219730941756,0.6205673758865382,1.8010291595197403,5.137289636846765,0.60606060606061,2.786377708978316,0.18744142455482393,-0.4655493482309092,0.0888099467140302,0.805008944543828
2022-03-01,129.4,114.7,114.5,119.9,101.8,108.1,114.2,2.861685214626397,9.754028837998296,0.7023705004389758,1.9555555555555548,0.8810572687224738,1.9590382902938686,1.0109519797809607,6.294326241134751,2.208835341365467,4.948453608247427,1.1225444340505097,0.9337068160597539,1.3309671694764935,2.5134649910233398
2022-04-01,132.6,115.4,115.3,120.9,103.4,109.0,115.2,2.472952086553315,11.335012594458437,0.6102877070619073,2.395740905057675,0.698689956331866,2.488888888888896,0.8340283569641338,6.991150442477889,1.5717092337917515,6.378600823045266,0.8325624421831712,1.5843429636533068,0.8756567425569184,3.2258064516129004
2022-05-01,135.3,116.2,116.1,122.8,106.4,110.8,117.3,2.0361990950226394,13.697478991596657,0.6932409012131657,3.2888888888888967,0.6938421509106618,3.383793410507563,1.5715467328370591,9.447415329768273,2.9013539651837617,10.948905109489049,1.6513761467889854,3.5514018691588767,1.8229166666666519,5.296229802513452
2022-06-01,137.9,118.6,118.6,126.0,106.8,111.5,118.4,1.921655580192172,15.397489539748953,2.06540447504302,6.36771300448431,2.1533161068044704,7.330316742081444,2.6058631921824116,10.623353819139592,0.3759398496240518,11.250000000000004,0.631768953068601,5.089538171536301,0.9377664109121886,7.636363636363641
2022-07-01,137.8,120.8,121.4,127.5,109.9,113.0,120.3,-0.07251631617113397,14.167357083678557,1.8549747048903997,7.857142857142851,2.360876897133224,9.172661870503607,1.1904761904761862,11.451048951048936,2.9026217228464546,13.182286302780643,1.3452914798206317,6.203007518796988,1.6047297297297147,8.4761045987376
2022-08-01,140.6,120.6,121.1,127.2,109.5,113.2,120.4,2.0319303338171224,16.874480465502906,-0.16556291390729116,7.871198568872995,-0.24711696869852418,9.000900090009,-0.23529411764705577,11.188811188811187,-0.36396724294813776,12.65432098765431,0.1769911504424737,6.291079812206579,0.08312551953451042,8.46846846846847
2022-09-01,147.4,131.0,134.2,130.9,115.3,120.9,133.0,4.836415362731161,21.217105263157897,8.62354892205639,16.237799467613122,10.817506193228743,19.82142857142857,2.9088050314465486,14.123801220575416,5.29680365296803,18.13524590163935,6.80212014134276,13.414634146341475,10.465116279069765,19.496855345911946
2022-10-01,147.7,131.3,134.1,135.0,115.1,121.0,133.0,0.2035278154681075,21.16488925348645,0.22900763358779663,16.814946619217096,-0.07451564828613311,20.05371530886302,3.1321619556913705,16.179001721170394,-0.17346053772766545,17.568947906026544,0.08271298593878207,13.4020618556701,0.0,19.175627240143367
2022-11-01,145.3,129.5,132.0,133.1,110.8,119.0,130.7,-1.6249153689911866,17.842660178426616,-1.3709063214013772,14.804964539007104,-1.5659955257270597,17.437722419928825,-1.4074074074074128,13.760683760683756,-3.7358818418766315,11.468812877263579,-1.6528925619834656,11.007462686567159,-1.7293233082706805,16.074600355239777
2022-12-01,143.5,128.2,130.6,131.4,107.9,117.6,129.4,-1.2388162422574012,15.353697749196126,-1.0038610038610174,13.15092674315974,-1.0606060606060619,15.575221238938042,-1.277235161532675,11.734693877551038,-2.6173285198555885,7.470119521912344,-1.176470588235301,9.395348837209294,-0.9946442234123776,14.109347442680775
2023-01-01,146.9,129.4,132.3,131.9,108.5,118.0,130.9,2.3693379790940883,18.372280419016928,0.9360374414976835,15.535714285714297,1.3016845329249849,18.654708520179387,0.3805175038051667,13.12178387650087,0.556070435588496,9.595959595959602,0.3401360544217802,10.590440487347696,1.1591962905718622,16.25222024866786
2023-02-01,147.1,130.9,133.6,134.0,109.8,118.6,132.3,0.1361470388018926,16.93163751987281,1.1591962905718622,14.925373134328357,0.9826152683295453,17.709251101321577,1.5921152388172821,12.889637742207238,1.1981566820276512,10.24096385542168,0.5084745762711895,10.944808231992509,1.0695187165775444,17.391304347826097
2023-03-01,146.2,130.5,133.0,133.6,109.2,118.4,131.7,-0.6118286879673751,12.982998454404937,-0.30557677616501744,13.77506538796862,-0.44910179640718084,16.157205240174676,-0.29850746268657025,11.426188490408663,-0.5464480874316835,7.269155206286837,-0.1686340640809303,9.528214616096209,-0.45351473922904395,15.32399299474605
2023-04-01,145.0,128.4,132.2,131.9,106.4,112.9,130.7,-0.8207934336525224,9.351432880844657,-1.6091954022988464,11.265164644714032,-0.6015037593985029,14.657415437987842,-1.2724550898203457,9.09842845326716,-2.564102564102566,2.9013539651837617,-4.645270270270274,3.5779816513761498,-0.759301442672744,13.454861111111093
2023-05-01,145.0,127.3,131.0,131.3,105.7,112.0,129.7,0.0,7.169253510716911,-0.8566978193146446,9.552495697074015,-0.9077155824508187,12.833763996554692,-0.4548900682335044,6.921824104234542,-0.6578947368421129,-0.6578947368421129,-0.7971656333038091,1.0830324909747224,-0.7651109410864554,10.571184995737415
2023-06-01,143.5,126.9,130.0,129.9,103.9,112.1,128.7,-1.0344827586206917,4.060913705583746,-0.3142183817753219,6.99831365935919,-0.7633587786259555,9.612141652613836,-1.066260472201075,3.0952380952381064,-1.7029328287606393,-2.7153558052434357,0.08928571428570287,0.5381165919282394,-0.771010023130303,8.69932432432432
2023-07-01,142.8,126.5,129.5,128.8,101.9,111.6,128.2,-0.4878048780487698,3.6284470246734424,-0.3152088258471242,4.718543046357615,-0.38461538461538325,6.672158154859953,-0.8468052347959887,1.0196078431372602,-1.9249278152069338,-7.279344858962689,-0.4460303300624413,-1.2389380530973493,-0.38850038850039015,6.566916043225257
2023-08-01,143.2,126.9,130.0,129.5,103.2,111.9,128.8,0.28011204481790397,1.849217638691325,0.3162055335968361,5.223880597014929,0.38610038610038533,7.349298100743185,0.5434782608695565,1.8081761006289332,1.2757605495583801,-5.753424657534245,0.26881720430107503,-1.14840989399293,0.46801872074884177,6.976744186046524
2023-09-01,144.7,127.7,131.1,131.0,105.6,112.6,129.8,1.0474860335195624,-1.831750339213034,0.6304176516942483,-2.519083969465652,0.846153846153852,-2.3099850968703373,1.158301158301156,0.07639419404124048,2.325581395348819,-8.412836079791852,0.6255585344057124,-6.865177832919778,0.7763975155279601,-2.406015037593978
2023-10-01,145.8,128.5,132.1,131.7,107.0,113.1,130.8,0.7601935038009877,-1.2863913337846866,0.6264682850430692,-2.1325209444021387,0.7627765064835978,-1.4914243102162605,0.5343511450381699,-2.444444444444449,1.3257575757575912,-7.03735881841876,0.444049733570151,-6.528925619834713,0.7704160246533087,-1.6541353383458524
2023-11-01,145.7,128.3,131.9,131.2,105.3,112.7,130.6,-0.0685871056241627,0.2752924982794003,-0.15564202334629185,-0.9266409266409203,-0.15140045420135584,-0.07575757575757347,-0.37965072133636646,-1.427498121713,-1.58878504672898,-4.963898916967513,-0.35366931918655586,-5.294117647058815,-0.152905198776776,-0.07651109410864443
2023-12-01,144.4,128.0,130.2,129.5,102.8,115.1,129.0,-0.8922443376801481,0.6271777003484358,-0.23382696804366,-0.15600624024960652,-1.2888551933282866,-0.3062787136294043,-1.2957317073170604,-1.4459665144596734,-2.3741690408357052,-4.7265987025023275,2.129547471162363,-2.1258503401360596,-1.225114854517606,-0.3091190108191699
2024-01-01,144.2,127.5,129.4,129.1,102.3,114.9,128.1,-0.13850415512466352,-1.837985023825739,-0.390625,-1.4683153013910433,-0.6144393241167334,-2.191987906273629,-0.3088803088803105,-2.1228203184230576,-0.4863813229571967,-5.714285714285716,-0.17376194613378804,-2.627118644067794,-0.6976744186046546,-2.1390374331550888
2024-02-01,144.2,127.3,129.1,129.3,102.6,115.1,127.8,0.0,-1.971447994561526,-0.15686274509804088,-2.7501909854851125,-0.23183925811438577,-3.3682634730538896,0.15491866769947737,-3.507462686567153,0.2932551319648091,-6.557377049180335,0.17406440382941035,-2.95109612141653,-0.23419203747072626,-3.401360544217702
2024-03-01,144.2,127.1,128.8,128.8,101.9,114.9,127.5,0.0,-1.3679890560875485,-0.15710919088767206,-2.605363984674336,-0.23237800154917165,-3.157894736842093,-0.3866976024748614,-3.592814371257469,-0.6822612085769841,-6.684981684981683,-0.17376194613378804,-2.9560810810810856,-0.23474178403755097,-3.1890660592255093
2024-04-01,144.1,127.9,129.6,130.1,103.4,115.6,128.3,-0.06934812760055475,-0.6206896551724128,0.6294256490952055,-0.3894080996884708,0.6211180124223503,-1.9667170953101332,1.0093167701863193,-1.3646702047005355,1.4720314033366044,-2.819548872180455,0.6092254134029584,2.391496899911405,0.6274509803921635,-1.8362662586074774
2024-05-01,144.2,129.5,132.3,129.7,102.7,115.3,131.0,0.0693962526023606,-0.5517241379310422,1.2509773260359625,1.7282010997643482,2.083333333333348,0.992366412213741,-0.3074558032282848,-1.2185833968012316,-0.6769825918762074,-2.838221381267736,-0.2595155709342545,2.946428571428572,2.104442712392829,1.0023130300693905
2024-06-01,143.7,128.3,130.2,128.9,101.8,116.5,128.9,-0.34674063800277377,0.13937282229963266,-0.9266409266409203,1.1032308904649346,-1.5873015873016039,0.15384615384614886,-0.6168080185042224,-0.7698229407236301,-0.8763388510223957,-2.02117420596728,1.040763226366015,3.9250669045495234,-1.6030534351144987,0.15540015540016494
2024-07-01,143.0,127.7,129.2,127.5,99.7,116.1,127.9,-0.4871259568545505,0.1400560224089631,-0.4676539360872978,0.9486166007905084,-0.7680491551459334,-0.23166023166023564,-1.0861132660977546,-1.0093167701863415,-2.062868369351667,-2.158979391560356,-0.34334763948498104,4.0322580645161255,-0.7757951900698168,-0.23400936037439868
2024-08-01,143.4,128.1,129.7,126.5,97.7,116.0,128.4,0.2797202797202747,0.13966480446927498,0.3132341425215346,0.9456264775413725,0.38699690402477227,-0.2307692307692344,-0.7843137254901933,-2.316602316602312,-2.006018054162484,-5.329457364341083,-0.08613264427217437,3.663985701519201,0.390930414386248,-0.31055900621118626
2024-09-01,141.7,126.9,128.1,126.1,97.2,115.2,126.9,-1.1854951185495288,-2.0732550103662706,-0.9367681498828939,-0.6264682850430692,-1.233616037008478,-2.2883295194508046,-0.3162055335968472,-3.7404580152671785,-0.5117707267144334,-7.954545454545448,-0.6896551724137945,2.3090586145648295,-1.1682242990654235,-2.2342064714946153
2024-10-01,141.6,127.4,127.8,126.0,97.2,117.5,126.5,-0.07057163020465218,-2.880658436214001,0.3940110323088941,-0.8560311284046662,-0.23419203747072626,-3.2551097653292893,-0.07930214115781098,-4.32801822323462,0.0,-9.158878504672895,1.996527777777768,3.89036251105217,-0.3152088258471242,-3.2874617737003176
2024-11-01,142.4,127.6,127.7,126.8,98.6,118.2,126.4,0.5649717514124353,-2.2649279341111717,0.15698587127157548,-0.5455962587685215,-0.07824726134584292,-3.1842304776345753,0.6349206349206327,-3.3536585365853577,1.4403292181069949,-6.362773029439694,0.5957446808510625,4.880212954747121,-0.07905138339920903,-3.215926493108723
2024-12-01,142.1,127.4,127.3,126.8,98.8,118.4,126.1,-0.21067415730338102,-1.5927977839335306,-0.15673981191222097,-0.46874999999999556,-0.3132341425215346,-2.2273425499231836,0.0,-2.0849420849420874,0.20283975659229903,-3.891050583657585,0.16920473773265332,2.867072111207647,-0.2373417721519111,-2.248062015503882
2025-01-01,143.8,129.0,129.8,130.2,101.1,119.2,128.5,1.196340605207613,-0.2773925104022079,1.2558869701726705,1.17647058823529,1.9638648860958563,0.3091190108191588,2.68138801261828,0.8520526723470034,2.327935222672073,-1.1730205278592365,0.6756756756756799,3.742384682332456,1.9032513877874857,0.31225604996096834
2025-02-01,143.3,127.9,128.6,127.8,99.9,118.1,127.4,-0.3477051460361591,-0.6241331484049817,-0.8527131782945729,0.47132757266301617,-0.924499229583986,-0.38729666924864903,-1.8433179723502224,-1.1600928074246064,-1.186943620178027,-2.631578947368407,-0.9228187919463116,2.6064291920069538,-0.8560311284046662,-0.312989045383405
2025-03-01,144.1,127.5,128.2,126.2,97.6,117.3,126.9,0.5582693649685888,-0.06934812760055475,-0.31274433150899617,0.31471282454760274,-0.3110419906687478,-0.46583850931678494,-1.2519561815336422,-2.018633540372672,-2.302302302302317,-4.219823356231611,-0.6773920406435208,2.088772845952991,-0.3924646781789609,-0.47058823529411153
2025-04-01,144.2,127.2,127.5,125.0,95.5,117.0,126.3,0.0693962526023606,0.0693962526023606,-0.23529411764705577,-0.5473025801407405,-0.5460218408736228,-1.620370370370361,-0.9508716323296418,-3.9200614911606424,-2.1516393442622905,-7.640232108317225,-0.2557544757033181,1.211072664359869,-0.47281323877069736,-1.5588464536243296
2025-05-01,142.8,126.2,126.0,123.9,94.5,116.8,124.8,-0.9708737864077555,-0.9708737864077555,-0.786163522012584,-2.5482625482625476,-1.17647058823529,-4.761904761904767,-0.8799999999999919,-4.471858134155726,-1.0471204188481686,-7.984420642648493,-0.17094017094017033,1.300954032957513,-1.187648456057011,-4.732824427480919
2025-06-01,142.8,125.6,125.4,123.0,93.2,116.2,124.3,0.0,-0.62630480167013,-0.47543581616482644,-2.10444271239284,-0.4761904761904745,-3.686635944700445,-0.7263922518159882,-4.577191621411947,-1.3756613756613745,-8.447937131630646,-0.5136986301369828,-0.2575107296137302,-0.4006410256410242,-3.5686578743211905
2025-07-01,144.1,126.9,127.2,123.8,93.8,116.5,126.1,0.9103641456582601,0.7692307692307665,1.0350318471337605,-0.6264682850430692,1.4354066985645897,-1.5479876160990558,0.6504065040650486,-2.9019607843137285,0.6437768240343367,-5.917753259779346,0.2581755593803692,0.3445305770887197,1.4481094127111849,-1.407349491790466
2025-08-01,144.1,127.1,127.5,124.1,94.1,116.7,126.4,0.0,0.4881450488144923,0.1576044129235621,-0.7806401249024209,0.2358490566037652,-1.6962220508866532,0.24232633279481774,-1.8972332015810278,0.31982942430703876,-3.68474923234392,0.17167381974250162,0.603448275862073,0.23790642347343294,-1.5576323987538943
2025-09-01,144.2,127.0,127.5,123.5,94.0,116.4,125.9,0.0693962526023606,1.7642907551164377,-0.07867820613689513,0.07880220646176994,0.0,-0.4683840749414525,-0.4834810636583309,-2.0618556701030855,-0.10626992561104665,-3.292181069958855,-0.25706940874036244,1.041666666666674,-0.39556962025316666,-0.7880220646178104
2025-10-01,144.7,127.2,127.6,124.0,94.6,,,0.34674063800277377,2.1892655367231617,0.15748031496063408,-0.15698587127158659,0.07843137254901489,-0.15649452269170805,0.4048582995951344,-1.5873015873015928,0.6382978723404209,-2.6748971193415683,,,,
2025-11-01,146.6,127.8,128.3,125.5,96.2,,,1.3130615065653162,2.949438202247179,0.4716981132075526,0.15673981191222097,0.5485893416927956,0.469851213782313,1.2096774193548487,-1.0252365930599305,1.6913319238900826,-2.4340770791074995,,,,
2025-12-01,145.3,127.0,127.4,124.3,94.8,,,-0.8867667121418732,2.2519352568613815,-0.6259780907668211,-0.31397174254317317,-0.7014809041309467,0.07855459544383603,-0.9561752988047845,-1.9716088328075698,-1.455301455301461,-4.048582995951422,,,,
2026-01-01,144.7,126.4,126.3,123.7,94.3,,,-0.4129387474191448,0.6258692628650753,-0.47244094488188004,-2.0155038759689825,-0.8634222919937318,-2.6964560862866027,-0.48270313757039496,-4.992319508448528,-0.5274261603375519,-6.7260138476755715,,,,
2026-02-01,145.1,126.4,126.4,123.6,94.2,,,0.27643400138217533,1.2561060711793415,0.0,-1.1727912431587217,0.07917656373714888,-1.710730948678063,-0.08084074373484462,-3.2863849765258246,-0.10604453870625141,-5.705705705705711,,,,
2026-03-01,148.4,126.3,126.6,124.7,95.7,,,2.2742935906271633,2.9840388619014613,-0.07911392405064444,-0.9411764705882342,0.15822784810126667,-1.2480499219968744,0.8899676375404564,-1.188589540412044,1.5923566878981,-1.9467213114753967,,,,
2026-04-01,150.5,126.7,126.7,124.5,95.5,,,1.4150943396226356,4.3689320388349495,0.3167062549485289,-0.39308176100628645,0.07898894154818592,-0.6274509803921524,-0.1603849238171584,-0.40000000000000036,-0.2089864158829724,0.0,,,,
2026-05-01,151.5,126.3,126.3,124.4,95.4,,,0.6644518272425293,6.0924369747899165,-0.31570639305446013,0.07923930269413404,-0.31570639305446013,0.23809523809523725,-0.08032128514056103,0.40355125100888234,-0.10471204188481353,0.952380952380949,,,,
2026-06-01,152.2,126.4,126.3,125.0,96.3,,,0.46204620462044765,6.582633053221265,0.07917656373714888,0.6369426751592355,0.0,0.7177033492822948,0.4823151125401992,1.6260162601626105,0.943396226415083,3.3261802575107247,,,,
