date,cn_ppi_tech_same_month_previous_year_100,cn_ppi_tech_12m_pct,archive_commit,archive_commit_time
2021-03-01,98.2,-1.7999999999999972,4b78def88e0643cd3671cbfa41527900e31b2cd4,2022-04-17T13:21:53+00:00
2021-04-01,98.6,-1.4000000000000057,e3a83d916592034c2670d4b60dddb240c209d105,2022-05-22T23:58:24+00:00
2021-05-01,99.2,-0.7999999999999972,2077b36da7a97028e74819f71856ce17db311b74,2022-06-06T00:17:38+00:00
2021-06-01,99.4,-0.5999999999999943,c816bbc017b36bfab301bf963d977c861195dfc3,2022-07-31T09:49:07+00:00
2021-07-01,100.3,0.29999999999999716,996f0ddc5333e570e78909778d7928ab8b97b7fb,2022-08-21T09:05:52+00:00
2021-08-01,100.7,0.7000000000000028,c5557313a20597dfc5c652aead3c4db8ab55dfe5,2022-09-25T09:23:40+00:00
2021-09-01,101.385,1.3850000000000051,bf25a304cf7b05896eb116d1e3d8c4c3c68ec2c8,2022-10-23T08:31:50+00:00
2021-10-01,101.6,1.5999999999999943,91f25f08ca5076ab727a32463c8e90981054ee7d,2022-11-20T07:25:58+00:00
2021-11-01,101.7,1.7000000000000028,1e4e13e0cdc6ae3c4c06b965ee2f9150861b27dd,2022-12-18T07:57:30+00:00
2021-12-01,101.6,1.5999999999999943,9d65d5c0b7753be55c7fd7f7387d4b09dc0c61a5,2023-01-08T09:04:30+00:00
2022-01-01,101.4,1.4000000000000057,6427913d8053a09aaefce71b6336e116bd74c425,2023-02-19T09:39:59+00:00
2022-02-01,101.6,1.5999999999999943,9db8691ef775ae95c86eeaa39610786260b7bc9e,2023-03-12T10:27:26+00:00
2022-03-01,101.0,1.0,4e523f1ed75fb065bafe1c973643a7fa0f016c72,2023-04-16T10:18:54+00:00
2022-04-01,100.3,0.29999999999999716,0bcb7d8454097e181e42033b0d236b3f1414ff37,2023-05-14T11:42:42+00:00
2022-05-01,100.6,0.5999999999999943,4d0f391f351ff1ff08a4c63eac1341b3a68852e1,2023-06-11T12:40:40+00:00
2022-06-01,100.7,0.7000000000000028,aa2a22f46c72a37c97daf603b3c4acfdd4403205,2023-07-30T12:58:07+00:00
2022-07-01,100.0,0.0,b70c8a41c21cd7163d35cc187a13201c00a9568f,2023-08-13T12:01:53+00:00
2022-08-01,99.6,-0.4000000000000057,fc13e0b96e4a7392f58f08990b68eddd3e805532,2023-09-17T14:24:17+00:00
2022-09-01,99.8,-0.20000000000000284,0cba2a6ef2f7cc6782e335d438948b581876d7ed,2023-10-22T11:45:47+00:00
2022-10-01,100.6,0.5999999999999943,26ed810cc83930eea7b2a46a9895df60ce6ed870,2023-11-12T10:59:26+00:00
2022-11-01,101.2,1.2000000000000028,a24d8c48acf33b84284334b4f0a27e4fc2a8f81b,2023-12-17T11:40:00+00:00
2022-12-01,101.3,1.2999999999999972,944953aebb7a46bedf8bfbe6b094fc43eeefd50a,2024-01-14T12:07:58+00:00
2023-01-01,100.4,0.4000000000000057,865c222be646deae9e88acd94a3827960a0858f7,2024-02-25T09:49:49+00:00
2023-02-01,99.5,-0.5,829d0322329a502682e2b9cf8ec78d3aa4dd62b1,2024-03-17T11:06:50+00:00
2023-03-01,100.0,0.0,9cb1a2900c5796ec52b0edf438e0f623cd169fb0,2024-04-14T08:41:49+00:00
2023-04-01,99.3,-0.7000000000000028,ebee06c7c28ab2fa443889c63aac0e3ad99051e2,2024-05-19T08:27:41+00:00
2023-05-01,98.3,-1.7000000000000028,3d8c17ad7b767de903823fd9babd54a0b845f928,2024-06-16T10:05:42+00:00
2023-06-01,98.0,-2.0,217fa60f8bbe54388f27b6ffd51ba931dc5ddc3a,2024-07-14T07:38:28+00:00
2023-07-01,98.3,-1.7000000000000028,975181ede55ffb65b436f0283e31a6f151d473d0,2024-08-11T07:12:21+00:00
2023-08-01,98.1026,-1.8974000000000046,01cc616d8346d7a3b6248a952e5bedf39e77863b,2024-09-15T07:53:01+00:00
2023-09-01,98.2,-1.7999999999999972,6f0f681692216b65b2abdaa9028d703334b846a5,2024-10-27T09:50:02+00:00
2023-10-01,97.1,-2.9000000000000057,1c9f10fffe13c50c42f5d55ea4a0c897aba05115,2024-11-17T07:37:58+00:00
2023-11-01,96.5,-3.5,3ea2cc53fb4197ad6083b4fb205208b611c996d6,2024-12-15T08:05:04+00:00
2023-12-01,96.1,-3.9000000000000057,9292068a71593f6933580018af8e03470a9f8c0a,2025-01-12T08:34:10+00:00
2024-01-01,97.0,-3.0,9292068a71593f6933580018af8e03470a9f8c0a,2025-01-12T08:34:10+00:00
2024-02-01,97.9,-2.0999999999999943,81cb80dae05ed4a50fd09cd6f7b2c8c7437e0c7c,2025-03-09T09:47:08+00:00
2024-03-01,97.5,-2.5,11c39c0239d6ed33eb2ab67309d0b7d3ddc3a19c,2025-04-13T10:41:52+00:00
2024-04-01,98.0,-2.0,3fa009975476f75dcf48102a2d5447bccc58bf34,2025-05-18T11:25:24+00:00
2024-05-01,98.1,-1.9000000000000057,0a53bfec0a8e83d457eb971ff1c24e3d3c728988,2025-06-15T13:40:26+00:00
2024-06-01,97.9,-2.0999999999999943,fec8d37bad0bef014e8b555f0fd3e0c1c79d3f5c,2025-07-13T14:00:53+00:00
2024-07-01,97.4,-2.5999999999999943,353398b9a03234124b065fd366fa5d89d32db868,2025-08-17T12:37:35+00:00
2024-08-01,97.6,-2.4000000000000057,92bfa6d0767d3ce4723109d00a5ecbd664506732,2025-09-14T12:55:19+00:00
2024-09-01,97.2,-2.799999999999997,4116d7a6d3935c0c0f04f3bda507d684fbca2990,2025-10-19T12:42:28+00:00
2024-10-01,97.1,-2.9000000000000057,3ebd9619689ca546736dfc24364f0d1d2e462edb,2025-11-23T11:30:48+00:00
2024-11-01,97.5,-2.5,f5fe8b0a022bc1b5b07de4616c1740f01a28ec13,2025-12-14T10:40:28+00:00
2024-12-01,98.1,-1.9000000000000057,5461c9af19ccbfe5bf1b8c1646614537f6d7d888,2026-01-18T10:56:35+00:00
2025-01-01,98.2,-1.7999999999999972,173ccd1d09798c3d3e222fb42a97e21dfc185ec1,2026-02-08T09:31:50+00:00
2025-02-01,98.2,-1.7999999999999972,f350490a583d421cf4a0dee85549fc3ca535644e,2026-03-08T11:12:15+00:00
2025-03-01,97.6,-2.4000000000000057,f350490a583d421cf4a0dee85549fc3ca535644e,2026-03-08T11:12:15+00:00
2025-04-01,97.6,-2.4000000000000057,f350490a583d421cf4a0dee85549fc3ca535644e,2026-03-08T11:12:15+00:00
2025-05-01,97.8,-2.200000000000003,f350490a583d421cf4a0dee85549fc3ca535644e,2026-03-08T11:12:15+00:00
2025-06-01,97.7,-2.299999999999997,f350490a583d421cf4a0dee85549fc3ca535644e,2026-03-08T11:12:15+00:00
2025-07-01,97.6,-2.4000000000000057,f350490a583d421cf4a0dee85549fc3ca535644e,2026-03-08T11:12:15+00:00
2025-08-01,97.6,-2.4000000000000057,f350490a583d421cf4a0dee85549fc3ca535644e,2026-03-08T11:12:15+00:00
2025-09-01,97.5,-2.5,f350490a583d421cf4a0dee85549fc3ca535644e,2026-03-08T11:12:15+00:00
2025-10-01,98.0,-2.0,f350490a583d421cf4a0dee85549fc3ca535644e,2026-03-08T11:12:15+00:00
2025-11-01,97.9,-2.0999999999999943,f350490a583d421cf4a0dee85549fc3ca535644e,2026-03-08T11:12:15+00:00
2025-12-01,97.8,-2.200000000000003,f350490a583d421cf4a0dee85549fc3ca535644e,2026-03-08T11:12:15+00:00
